ROA,REPDTE,ROE,ASSET,CERT,NETINC,EQ,LNLSNET,DEP,ID
1.472514213494515,20210331,14.05,2137078,10363,7713,221022,1514091,1854558,10363_20210331
1.553022814111855,20210630,14.72,2137147,10363,16378,228499,1459468,1849900,10363_20210630
1.5461168294687675,20210930,14.62,2176659,10363,24654,231929,1459475,1871258,10363_20210930
1.449915345198813,20211231,13.72,2238851,10363,31153,235772,1450092,1935422,10363_20211231
1.1226582507146121,20220331,11.02,2278285,10363,6339,224414,1447054,1992122,10363_20220331
1.2066188854603346,20220630,12.14,2315676,10363,13741,218730,1522577,2028229,10363_20220630
1.2149684743678675,20220930,12.55,2319899,10363,20851,206893,1560113,2042357,10363_20220930
1.3864383892718835,20221231,14.4,2312638,10363,31792,218262,1609973,2026662,10363_20221231
1.1916893612354862,20230331,12.68,2420139,10363,7050,226438,1658888,2016711,10363_20230331
1.1800828932855878,20230630,12.54,2398078,10363,14025,226206,1683335,2013365,10363_20230630
1.1437340898640005,20230930,12.17,2400726,10363,20441,224821,1703568,2043749,10363_20230930
1.0943339188528238,20231231,11.48,2416783,10363,26151,243408,1716994,2080784,10363_20231231
0.6731206949880747,20240331,6.73,2448912,10363,4094,243445,1800292,2101571,10363_20240331
0.8022060735187878,20240630,8.02,2469328,10363,9807,247294,1857222,2117630,10363_20240630
0.8601944204785893,20240930,8.55,2528547,10363,15909,258170,1912790,2146199,10363_20240930
0.9120820748930175,20241231,9.07,2542660,10363,22631,255803,1900680,2181630,10363_20241231
0.9443407730036971,20250331,9.28,2591080,10363,6060,266464,1930139,2225409,10363_20250331
1.1249398865057227,20250630,10.72,2664010,10363,14620,296202,1996507,2261271,10363_20250630
1.1585476855602066,20250930,10.79,2686839,10363,22776,307328,2000615,2306041,10363_20250930
1.1535712898061654,20251231,10.6,2744329,10363,30521,314343,2054288,2354756,10363_20251231
1.140690524640675,20260331,10.01,2790564,10363,7892,316264,2090903,2410464,10363_20260331
1.267937151034326,20260630,11.04,2787917,10363,17588,325455,2119569,2380827,10363_20260630
1.0276934145987118,20210331,9.37,3505346,11578,8913,376030,1805473,2872124,11578_20210331
1.0459485646654612,20210630,9.53,3554803,11578,18292,390533,1753543,2905819,11578_20210630
1.0447393449531794,20210930,9.53,3556410,11578,27522,388081,1666467,2912835,11578_20210930
1.0232744647056469,20211231,9.37,3621743,11578,36165,389627,1714613,2933418,11578_20211231
1.0177484239871237,20220331,10.13,3551739,11578,9126,330910,1731247,2973618,11578_20220331
1.0887135450397163,20220630,11.58,3585822,11578,19523,291138,1725146,2960423,11578_20220630
1.146639295859478,20220930,12.9,3501145,11578,30660,255471,1730874,2977660,11578_20220930
1.2566935947731779,20221231,14.56,3563307,11578,44798,271757,1866182,2922400,11578_20221231
0.9156404963874992,20230331,11.87,3671847,11578,8281,286266,1926394,3036391,11578_20230331
0.8476987213812835,20230630,10.84,3570100,11578,15266,286946,1975506,3009263,11578_20230630
0.7915407277839798,20230930,10.23,3587918,11578,21362,269123,2047516,2989618,11578_20230930
0.7808116610091945,20231231,9.85,3616933,11578,28125,313365,2063952,3002165,11578_20231231
0.7057678000962759,20240331,8.2,3695387,11578,6451,316355,2095971,2991808,11578_20240331
-0.05084620630143663,20240630,-0.55,7803852,11578,-1281,777190,5551975,6663550,11578_20240630
0.6913498849663292,20240930,7.09,7856667,11578,29780,832924,5510436,6614486,11578_20240930
0.8765091518206585,20241231,8.78,7803223,11578,53951,831132,5606527,6523015,11578_20241231
1.5869362312183695,20250331,14.68,7828407,11578,31008,858835,5581056,6549627,11578_20250331
1.635106014958686,20250630,15.06,8037294,11578,64502,880419,5524712,6396608,11578_20250630
1.6748070522575667,20250930,15.26,7871274,11578,99047,890989,5493178,6419810,11578_20250930
1.6870020343312024,20251231,15.17,7900774,11578,133074,923510,5320218,6410806,11578_20251231
1.6048528548673204,20260331,13.65,7912763,11578,31723,935191,5336712,6338024,11578_20260331
1.0612353009070474,20260630,8.92,10984290,11578,47398,1329308,7907369,8997206,11578_20260630
0.6298842470180387,20210331,3.77,640424,11580,1005,105746,195554,525813,11580_20210331
0.7945734631684354,20210630,4.79,658953,11580,2563,108187,187439,541727,11580_20210630
0.8240446863847131,20210930,4.98,667652,11580,4022,109687,183950,548901,11580_20210930
0.807755670478248,20211231,4.94,686331,11580,5314,106465,175273,573394,11580_20211231
0.6499349700716605,20220331,4.39,686114,11580,1115,96768,178336,582729,11580_20220331
0.8092458056227877,20220630,5.69,687992,11580,2779,89824,197708,591636,11580_20220630
1.0095641849171098,20220930,7.32,686026,11580,5199,85845,221386,593386,11580_20220930
1.5548128842605877,20221231,11.56,700254,11580,10718,84714,250087,606752,11580_20221231
1.8516547063735362,20230331,14.27,680565,11580,3196,94429,273608,577203,11580_20230331
1.967102628468729,20230630,14.66,666761,11580,6713,95603,285016,563139,11580_20230630
2.186207023478981,20230930,16.0,658287,11580,11092,94977,300533,541245,11580_20230930
2.6344484526991314,20231231,18.74,679092,11580,17835,106078,323699,550700,11580_20231231
1.7071620877144982,20240331,10.77,669579,11580,2878,107734,322818,521743,11580_20240331
1.6935246919443643,20240630,10.61,683186,11580,5735,110624,343647,534639,11580_20240630
1.7289282780224,20240930,10.56,675263,11580,8776,118969,331717,494754,11580_20240930
1.9110990719673333,20241231,11.62,674442,11580,12925,112785,321897,496299,11580_20241231
1.6193472846866626,20250331,9.4,663875,11580,2709,117736,309842,491768,11580_20250331
1.7792713977145203,20250630,10.13,650587,11580,5898,118960,299917,477829,11580_20250630
1.7731446755631823,20250930,9.83,649807,11580,8773,126266,288155,489044,11580_20250930
1.9672378302995963,20251231,10.73,651181,11580,12944,127674,277611,479844,11580_20251231
1.7509536555366583,20260331,8.77,631777,11580,2808,128474,261627,487669,11580_20260331
3.7423340208972324,20260630,18.45,670315,11580,12183,140013,265511,489155,11580_20260630
0.46253823757592205,20210331,3.33,169081,11582,196,23606,121902,135704,11582_20210331
0.5885318680197668,20210630,4.21,170744,11582,500,24021,118153,142219,11582_20210630
0.6222516376552287,20210930,4.42,168208,11582,791,24351,119942,141236,11582_20210930
0.6363588901715327,20211231,4.54,183984,11582,1097,25219,120860,157378,11582_20211231
0.4928198880203699,20220331,3.59,181261,11582,225,24902,121038,154890,11582_20220331
0.602536308069346,20220630,4.45,186423,11582,554,24496,119911,160642,11582_20220630
0.581988167695038,20220930,4.64,235499,11582,859,24058,120877,209947,11582_20220930
0.9154342703624634,20221231,7.65,242399,11582,1885,24517,130484,216452,11582_20221231
1.00688483855996,20230331,9.69,251004,11582,621,26765,128853,223618,11582_20230331
0.7682634045958614,20230630,7.29,250092,11582,952,27078,130859,222582,11582_20230630
0.8710429458999762,20230930,8.16,247170,11582,1618,27343,128098,212829,11582_20230930
1.042431871798274,20231231,9.62,245387,11582,2577,28203,127242,214789,11582_20231231
1.0024073085484635,20240331,8.72,251018,11582,622,28856,126026,219542,11582_20240331
1.1471968122710428,20240630,9.89,250459,11582,1428,29560,124596,218440,11582_20240630
1.1224325366654546,20240930,9.5,251419,11582,2101,31322,122172,217547,11582_20240930
1.1749559690634812,20241231,9.96,255381,11582,2946,29880,120471,223013,11582_20241231
0.8664944384924094,20250331,7.32,255182,11582,553,30543,122079,221929,11582_20250331
1.0714741601950573,20250630,9.17,265004,11582,1385,30215,123730,232286,11582_20250630
1.0797429376297893,20250930,9.13,261691,11582,2100,31970,130155,221088,11582_20250930
1.1308873115829343,20251231,9.49,261722,11582,2938,32135,131186,226064,11582_20251231
1.0873211680651167,20260331,8.75,259927,11582,709,32677,130543,221406,11582_20260331
3.403624936295961,20260630,26.38,257344,11582,4419,35691,127100,218330,11582_20260630
1.8920383656469832,20210331,14.17,3139421,13012,14545,409103,2112077,2685392,13012_20210331
1.8290600060037057,20210630,13.79,3124291,13012,28272,408420,2121874,2680250,13012_20210630
1.7716881636330593,20210930,13.44,3134223,13012,41221,406483,2122226,2685340,13012_20210930
1.6641095485929287,20211231,12.71,3183928,13012,51895,405374,2137711,2737120,13012_20211231
1.193998184104361,20220331,9.51,3226132,13012,9567,399431,2215315,2785417,13012_20220331
1.3126959755286773,20220630,10.65,3238785,13012,21110,384868,2270049,2807823,13012_20220630
1.442340608117668,20220930,11.76,3143745,13012,34597,379746,2333345,2720766,13012_20220930
1.4859283827033258,20221231,12.11,3112618,13012,47268,382286,2369641,2695803,13012_20221231
1.522229363078674,20230331,12.2,3027324,13012,11683,383824,2358108,2603348,13012_20230331
1.3692364357271332,20230630,10.67,3357176,13012,21673,452363,2584896,2859818,13012_20230630
1.5195347633070586,20230930,11.58,3261205,13012,36351,455026,2557441,2759054,13012_20230930
1.5033607954655543,20231231,11.27,3241163,13012,48106,460731,2536109,2737005,13012_20231231
1.6026604833296074,20240331,11.23,3213604,13012,12931,460127,2484372,2701975,13012_20240331
1.579733511683898,20240630,11.08,3222055,13012,25478,459259,2438383,2711348,13012_20240630
1.5903384894918973,20240930,11.08,3173119,13012,38318,463590,2408995,2665757,13012_20240930
1.5913227876513527,20241231,11.08,3199914,13012,51081,460789,2381264,2695199,13012_20241231
1.5102879009695118,20250331,10.5,3214757,13012,12110,461971,2348915,2702620,13012_20250331
1.5545315291436035,20250630,10.75,3164292,13012,24818,463039,2320257,2658726,13012_20250630
1.5532674575491858,20250930,10.71,3178684,13012,37156,463864,2299708,2660898,13012_20250930
1.5518264683280958,20251231,10.73,3248653,13012,49678,464626,2283994,2722282,13012_20251231
1.4753713343287709,20260331,10.54,3644798,13012,12713,500540,2422486,3079480,13012_20260331
2.050418452356692,20260630,14.59,3607625,13012,35886,510507,2427092,3039018,13012_20260630
0.8460123217880678,20210331,9.3,709116,14017,1464,63456,581870,640286,14017_20210331
0.6666786908682201,20210630,7.36,722485,14017,2341,64868,566728,653510,14017_20210630
0.8368642213552874,20210930,9.39,774298,14017,4521,65965,568338,701941,14017_20210930
0.8106682808742928,20211231,9.25,812706,14017,5989,67076,607109,741906,14017_20211231
1.0029802358860924,20220331,12.49,845552,14017,2079,66037,641429,772763,14017_20220331
1.054409056033655,20220630,13.29,872828,14017,4448,67651,688443,794435,14017_20220630
0.963122188817316,20220930,12.34,909859,14017,6214,67849,722358,781115,14017_20220930
0.9082521225531813,20221231,11.35,930088,14017,7940,81135,745846,842693,14017_20221231
0.7097149193883209,20230331,8.1,936577,14017,1656,82458,751458,818894,14017_20230331
0.5446727387668728,20230630,6.28,974307,14017,2579,82993,790741,854584,14017_20230630
0.5836951579649742,20230930,6.78,995638,14017,4199,83831,793577,891439,14017_20230930
0.5582152035148802,20231231,6.47,988590,14017,5387,85611,806842,880118,14017_20231231
0.6550487414130797,20240331,7.77,1064387,14017,1681,87409,824014,906275,14017_20240331
0.6616300679409667,20240630,7.94,1091076,14017,3467,88853,837595,931093,14017_20240630
0.728389976215788,20240930,8.72,1098257,14017,5794,92400,843963,933543,14017_20240930
0.7383353279440207,20241231,8.73,1020204,14017,7771,90980,844422,908453,14017_20241231
0.8307092979390095,20250331,9.37,1058020,14017,2158,93212,855423,933206,14017_20250331
0.9225551500822046,20250630,10.45,1095570,14017,4880,95939,864886,978544,14017_20250630
0.8838131804123288,20250930,9.95,1092461,14017,7070,98677,893931,982890,14017_20250930
0.896837463987949,20251231,10.08,1128814,14017,9677,101252,924948,985198,14017_20251231
1.1256200375089829,20260331,12.53,1153306,14017,3211,103747,941474,997435,14017_20260331
0.4450373928657641,20260630,5.06,1193543,14017,2578,100632,966475,1078923,14017_20260630
0.8589692369157012,20210331,6.25,163036,14491,344,22063,109377,140636,14491_20210331
0.8631184261784185,20210630,6.4,172480,14491,709,22488,111447,149681,14491_20210630
0.9448860360340393,20210930,7.15,183885,14491,1199,22917,111843,160472,14491_20210930
0.9293766832949633,20211231,7.1,182429,14491,1597,23078,113510,159102,14491_20211231
0.6980193700375186,20220331,5.75,184323,14491,320,21434,113011,162678,14491_20220331
0.7760430439451913,20220630,6.64,189145,14491,719,20478,117695,168450,14491_20220630
0.8517295798792724,20220930,7.45,186104,14491,1185,19881,124798,165769,14491_20220930
0.9304258475013047,20221231,8.16,179620,14491,1715,20167,128382,158727,14491_20221231
1.3206593240838764,20230331,11.41,178383,14491,591,21282,131742,155331,14491_20230331
1.1405216830661433,20230630,9.79,181750,14491,1026,21410,136340,154561,14491_20230630
1.2094074610498435,20230930,10.41,185212,14491,1644,21382,139412,157845,14491_20230930
1.265237864718567,20231231,10.83,183955,14491,2300,21985,143811,156085,14491_20231231
1.2913237153228037,20240331,11.35,184659,14491,595,19966,147726,153692,14491_20240331
1.3564005483850345,20240630,12.19,194494,14491,1273,20684,147943,164986,14491_20240630
1.3369950633801249,20240930,12.06,200775,14491,1915,22055,151629,172766,14491_20240930
1.3037944450705508,20241231,11.93,203294,14491,2522,21054,151809,176353,14491_20241231
1.3204561310538125,20250331,12.59,208079,14491,679,22095,150204,180138,14491_20250331
1.2910604724195753,20250630,12.11,207653,14491,1332,22839,148391,178912,14491_20250630
1.271150264922702,20250930,11.79,216312,14491,1991,24052,148030,191287,14491_20250930
1.2445307879144636,20251231,11.66,228115,14491,2647,23444,141720,203724,14491_20251231
1.4201957853965672,20260331,13.55,224217,14491,803,23949,139569,199615,14491_20260331
3.435757292985847,20260630,31.08,222803,14491,3866,27247,138656,194496,14491_20260630
1.8370385501624051,20210331,21.57,575939,14679,2608,48935,334453,514699,14679_20210331
0.9684201510559508,20210630,10.71,592228,14679,2789,59488,313394,519128,14679_20210630
0.7001338203456742,20210930,7.44,616667,14679,3078,64441,304020,539549,14679_20210930
0.4244003430218719,20211231,4.45,625437,14679,2521,62470,298125,548144,14679_20211231
0.10650951166832553,20220331,1.15,621400,14679,166,53295,310310,553158,14679_20220331
0.03716992333703312,20220630,0.33,690213,14679,120,101803,315666,559164,14679_20220630
0.03615496088806319,20220930,0.31,688619,14679,178,93173,323091,582472,14679_20220930
0.15020915804034085,20221231,1.24,722995,14679,1006,94711,335984,618519,14679_20221231
-0.9908365718391324,20230331,-7.45,713367,14679,-1779,96234,353356,606134,14679_20230331
0.2230657026919487,20230630,1.67,707401,14679,797,96208,361450,601532,14679_20230630
0.18599570047697292,20230930,1.41,737952,14679,1005,92285,368829,636382,14679_20230930
0.29440226949351767,20231231,2.22,739181,14679,2132,100260,365628,603344,14679_20231231
-0.07026370159335295,20240331,-0.51,718186,14679,-128,99369,377911,606630,14679_20240331
-0.0051897490619756195,20240630,-0.04,739271,14679,-19,99492,381479,628488,14679_20240630
0.17838170246953908,20240930,1.3,748284,14679,985,105853,380954,632193,14679_20240930
0.13822912145732139,20241231,1.01,755456,14679,1023,101846,397644,643715,14679_20241231
-0.7572034341745675,20250331,-5.58,754310,14679,-1429,103170,394696,642266,14679_20250331
-0.4415921022950936,20250630,-3.23,751144,14679,-1664,104263,404275,636110,14679_20250630
-0.03104225766227995,20250930,-0.22,745669,14679,-175,107351,405944,627358,14679_20250930
-0.09351710833990069,20251231,-0.67,773478,14679,-707,107510,399687,604504,14679_20251231
0.0010333634300432335,20260331,0.01,774864,14679,2,107019,406099,607879,14679_20260331
0.013433285010821975,20260630,0.1,774247,14679,52,106858,402174,606994,14679_20260630
0.5989506683298994,20210331,7.29,436678,16820,641,33372,243932,368979,16820_20210331
0.5534926519078971,20210630,6.75,432742,16820,1189,35322,231984,368926,16820_20210630
0.6566973184705385,20210930,8.04,432798,16820,2120,34876,221884,374580,16820_20210930
0.6278402434273191,20211231,7.71,442063,16820,2717,35614,207922,383346,16820_20211231
0.2528824505946831,20220331,3.54,437397,16820,278,27183,201872,387823,16820_20220331
0.2998122735076431,20220630,4.67,429359,16820,654,21181,198461,385814,16820_20220630
0.3333970994423075,20220930,5.85,415608,16820,1078,14263,191805,378946,16820_20220930
0.46275630858651573,20221231,8.53,381433,16820,1949,15975,184278,363024,16820_20221231
0.5177159275519931,20230331,11.3,363377,16820,482,18160,181981,343054,16820_20230331
0.41736099019030254,20230630,9.02,363583,16820,771,17144,178329,329315,16820_20230630
0.4984346737753681,20230930,11.34,355353,16820,1368,13049,172702,314941,16820_20230930
0.43815947683042433,20231231,9.52,351803,16820,1591,19226,174150,300155,16820_20231231
0.05654007971042611,20240331,1.09,369809,16820,51,18036,175915,309263,16820_20240331
-0.04845370489837253,20240630,-0.96,355705,16820,-87,17378,198875,305904,16820_20240630
0.03578539020308947,20240930,0.68,368302,16820,97,21056,204227,314321,16820_20240930
0.030756169521356416,20241231,0.59,358897,16820,111,17726,202380,309221,16820_20241231
0.22098553409720295,20250331,4.3,357892,16820,198,19095,204704,317262,16820_20250331
0.03260279953119422,20250630,0.62,350604,16820,58,18869,210774,317263,16820_20250630
0.08756689944823016,20250930,1.63,351677,16820,233,20595,212752,329086,16820_20250930
0.051995064684671015,20251231,0.95,359945,16820,185,21338,228505,332382,16820_20251231
0.12426722857065674,20260331,2.18,380395,16820,115,20895,239776,357545,16820_20260331
-0.06606637292089125,20260630,-1.18,394882,16820,-125,21302,264465,356991,16820_20260630
1.0648823635037887,20210331,10.71,697147,1895,1831,68872,520922,605670,1895_20210331
1.05028474610439,20210630,10.6,707884,1895,3647,69757,518674,614409,1895_20210630
1.0560863736453674,20210930,10.65,716771,1895,5545,71245,497538,624420,1895_20210930
1.0426906193661873,20211231,10.49,717616,1895,7336,71963,482138,629512,1895_20211231
1.0455069866408213,20220331,10.8,718625,1895,1877,67075,484194,636563,1895_20220331
1.0374364240545844,20220630,11.07,710011,1895,3711,62086,491076,632368,1895_20220630
1.0258281317769522,20220930,11.27,717314,1895,5508,59563,505765,641538,1895_20220930
1.0682158658887162,20221231,11.87,717639,1895,7651,61613,517349,625191,1895_20221231
1.1214431568152736,20230331,12.82,722648,1895,2019,64391,520896,638904,1895_20230331
1.0360636583901668,20230630,11.91,730236,1895,3748,62874,530999,633576,1895_20230630
0.9658805505902719,20230930,11.3,757026,1895,5302,61385,526132,645870,1895_20230930
0.9228116793428627,20231231,10.92,799647,1895,6879,64790,523308,682082,1895_20231231
0.6544340857777897,20240331,8.03,794402,1895,1304,65168,537081,657386,1895_20240331
0.6222005988774809,20240630,7.59,798427,1895,2481,66269,546037,652399,1895_20240630
0.620212560615227,20240930,7.47,817526,1895,3733,70413,572320,674799,1895_20240930
0.5858573950839276,20241231,7.12,844739,1895,4751,67119,583222,760383,1895_20241231
0.5944687927951344,20250331,7.28,817249,1895,1235,68678,600289,736645,1895_20250331
0.6079797036548279,20250630,7.42,841714,1895,2537,69329,616110,750163,1895_20250630
0.6946769914311411,20250930,8.44,869676,1895,4394,72477,622457,737101,1895_20250930
0.7458049794759369,20251231,8.96,872370,1895,6333,75797,633858,722077,1895_20251231
0.9467761098057473,20260331,10.73,863204,1895,2054,77361,628643,712355,1895_20260331
0.9661924591931385,20260630,10.84,874465,1895,4203,79489,637243,725713,1895_20260630
0.8150076790539038,20210331,3.74,328187,19011,664,69965,137900,257278,19011_20210331
0.8411480763528465,20210630,3.91,339729,19011,1390,71327,144206,267795,19011_20210630
0.79370753920386,20210930,3.69,334898,19011,1974,71740,151361,262353,19011_20210930
0.8338124666264074,20211231,3.9,332846,19011,2767,70030,145849,262202,19011_20211231
0.8558177983357748,20220331,4.25,325238,19011,704,62448,146450,261834,19011_20220331
0.9838660231137222,20220630,5.09,323757,19011,1610,57296,151318,265989,19011_20220630
1.3425111749278242,20220930,7.19,327116,19011,3295,54669,148423,271612,19011_20220930
1.0911428055783026,20221231,5.94,320069,19011,3555,54598,145148,264684,19011_20221231
0.7919485233459824,20230331,4.54,322397,19011,636,57479,144547,263736,19011_20230331
0.7403485859424407,20230630,4.23,328428,19011,1198,57753,149012,270057,19011_20230630
0.7823716622626063,20230930,4.49,315419,19011,1887,54214,156447,260162,19011_20230930
0.7406477295401892,20231231,4.21,322414,19011,2383,59254,162581,262391,19011_20231231
0.49645840071683145,20240331,2.75,323763,19011,401,57563,176035,265107,19011_20240331
0.602640255875125,20240630,3.35,325547,19011,976,57793,186051,257881,19011_20240630
0.5973717026818939,20240930,3.35,336195,19011,1465,58347,196908,270883,19011_20240930
0.6305327348286227,20241231,3.57,337515,19011,2075,58063,201580,273057,19011_20241231
0.8992832357630743,20250331,5.17,338579,19011,760,59436,201716,277895,19011_20250331
0.8966493172600641,20250630,5.19,357755,19011,1545,61123,204811,295803,19011_20250630
0.8823739670192996,20250930,5.07,358723,19011,2304,63794,208416,293903,19011_20250930
0.8814385441459498,20251231,5.07,363648,19011,3096,62953,233798,287280,19011_20251231
0.9059394755918891,20260331,5.15,357813,19011,817,63850,226984,290736,19011_20260331
0.8464602780302141,20260630,4.77,360220,19011,1526,65097,231759,279688,19011_20260630
1.205117323963774,20210331,13.07,508478,19101,1498,46500,371350,458449,19101_20210331
1.0638199486058173,20210630,11.56,519364,19101,2684,47583,375256,468930,19101_20210630
1.053083919241437,20210930,11.63,563612,19101,4102,48829,361749,511733,19101_20210930
1.0067568255323032,20211231,11.24,575175,19101,5341,49547,363021,522324,19101_20211231
0.5892306297274039,20220331,6.9,593807,19101,861,50281,361216,541032,19101_20220331
0.6750009693445488,20220630,7.95,610571,19101,2002,51216,370530,556957,19101_20220630
0.7581110901776971,20220930,8.99,635512,19101,3433,52567,397239,580588,19101_20220930
0.8513439808352936,20221231,9.95,595469,19101,5126,54047,423920,538521,19101_20221231
1.0493001054966593,20230331,11.56,604569,19101,1574,54886,442507,537542,19101_20230331
0.9422329299676944,20230630,10.44,626262,19101,2868,55905,467085,538253,19101_20230630
0.9338655241956617,20230930,10.43,653938,19101,4343,57140,493604,550564,19101_20230930
1.026430016640945,20231231,11.49,665617,19101,6458,58963,502250,554309,19101_20231231
0.9517977533942021,20240331,10.73,678366,19101,1599,60291,504120,571105,19101_20240331
0.8656064528627534,20240630,9.79,700133,19101,2949,61435,511585,599119,19101_20240630
0.9054599934977096,20240930,10.24,711836,19101,4679,63047,500197,626814,19101_20240930
1.0036363804064352,20241231,11.28,713432,19101,6964,65032,493835,643357,19101_20241231
0.851323777791105,20250331,9.29,720570,19101,1526,66320,484075,648981,19101_20250331
0.8992719254759491,20250630,9.76,728414,19101,3241,67922,490358,655495,19101_20250630
0.941749674580267,20250930,10.15,735380,19101,5117,69527,496194,660678,19101_20250930
0.9747220339300892,20251231,10.4,728366,19101,7069,71202,536341,652345,19101_20251231
0.9907754913142837,20260331,10.06,732308,19101,1809,72690,552974,654198,19101_20260331
1.0888085145183408,20260630,11.15,776634,19101,4060,74611,576921,692519,19101_20260630
1.2563209608244414,20210331,14.08,952290,20484,2863,82375,625261,864349,20484_20210331
1.2124171563131467,20210630,13.76,978410,20484,5661,84093,646564,889444,20484_20210630
1.2766806878324315,20210930,14.51,991564,20484,9080,87052,649283,898126,20484_20210930
1.2228884331015273,20211231,14.02,1040563,20484,11822,87715,640246,947434,20484_20211231
0.7903504166244824,20220331,9.7,1083052,20484,2098,85235,673068,991739,20484_20220331
1.0016213227016266,20220630,12.47,1060822,20484,5316,82731,717417,972029,20484_20220630
1.1715359894922612,20220930,14.85,1129336,20484,9476,84539,775266,1037162,20484_20220930
1.2373053919411685,20221231,15.72,1124658,20484,13458,87825,809248,1031444,20484_20221231
1.6284194501910882,20230331,20.31,1129798,20484,4589,92931,828631,1029013,20484_20230331
1.5069774548568575,20230630,18.49,1122635,20484,8482,94458,837374,1021945,20484_20230630
1.430157937307165,20230930,17.27,1103421,20484,12015,95744,858497,1000484,20484_20230930
1.3770592090269727,20231231,16.49,1162310,20484,15541,100197,885225,1055448,20484_20231231
1.1203088880942829,20240331,12.94,1178473,20484,3278,102539,920245,1067545,20484_20240331
1.1831864932522984,20240630,13.67,1202868,20484,6988,104014,952508,1090837,20484_20240630
1.2972547304178614,20240930,14.79,1206775,20484,11555,109850,971977,1086937,20484_20240930
1.3426514897890862,20241231,15.23,1223574,20484,16042,109992,989077,1105078,20484_20241231
1.4772571854199406,20250331,16.46,1284317,20484,4631,115080,1013087,1154270,20484_20250331
1.4864558411963624,20250630,16.52,1293231,20484,9417,116878,1055561,1166672,20484_20250630
1.5360555278112673,20250930,16.91,1319051,20484,14747,123196,1082107,1191379,20484_20250930
1.5402932924397361,20251231,16.88,1366254,20484,19982,126736,1122769,1225950,20484_20251231
1.5248749193756332,20260331,16.48,1402760,20484,5278,129456,1142172,1264502,20484_20260331
1.6255186731911824,20260630,17.45,1413774,20484,11332,133511,1133324,1275092,20484_20260630
0.6134176274066003,20210331,7.19,630187,2093,955,52758,475441,551758,2093_20210331
0.7343643435144053,20210630,8.23,653304,2093,2324,63249,461446,576954,2093_20210630
0.7685629455502465,20210930,8.39,645120,2093,3666,63573,427189,572415,2093_20210930
0.7810133682768566,20211231,8.62,734528,2093,5121,63856,390495,661635,2093_20211231
0.5514354715001383,20220331,6.32,668356,2093,967,58643,400695,596563,2093_20220331
0.6412164836692281,20220630,7.42,676289,2093,2222,57063,393175,607198,2093_20220630
0.7058359741605771,20220930,8.27,669650,2093,3638,54946,412409,602275,2093_20220930
0.7550156293983012,20221231,8.78,643822,2093,5123,57360,420080,576142,2093_20221231
0.6658501929034226,20230331,7.48,660976,2093,1086,58771,433243,569030,2093_20230331
0.737575598211938,20230630,8.21,672762,2093,2431,61498,460426,566108,2093_20230630
0.7426165327810198,20230930,8.29,681799,2093,3703,60629,472586,563571,2093_20230930
0.733456627015593,20231231,8.15,702803,2093,4932,64481,492318,583109,2093_20231231
0.7406325716708041,20240331,8.06,707883,2093,1306,65109,503436,584365,2093_20240331
0.8448776587614198,20240630,9.17,715539,2093,2994,66272,498500,609974,2093_20240630
0.9115834282141749,20240930,9.76,717693,2093,4861,69644,513240,607740,2093_20240930
0.9792141834284019,20241231,10.37,714037,2093,6968,70316,513027,630677,2093_20241231
1.0135184738492518,20250331,10.17,716228,2093,1812,72263,514899,622054,2093_20250331
1.0923636315884997,20250630,10.75,701992,2093,3882,74161,503534,614195,2093_20250630
1.0826938652731577,20250930,10.56,726713,2093,5804,76323,531228,646308,2093_20250930
1.0493544441030338,20251231,10.24,763257,2093,7602,78254,535303,681029,2093_20251231
0.6371025452059769,20260331,6.07,734775,2093,1193,78856,524072,653846,2093_20260331
0.8918798756546255,20260630,8.4,742180,2093,3330,80667,497770,659158,2093_20260630
0.8069250803171493,20210331,8.56,527204,21883,1048,48828,309075,448035,21883_20210331
0.8555472694005883,20210630,9.08,531217,21883,2239,50024,300225,452161,21883_20210630
0.9202110655357728,20210930,9.69,533010,21883,3629,51625,323246,452341,21883_20210930
0.9722611850515783,20211231,10.29,552432,21883,5164,51254,322070,474511,21883_20211231
0.9541387582591503,20220331,10.87,550133,21883,1315,45533,332352,477021,21883_20220331
0.9576633015442321,20220630,11.82,551461,21883,2640,37185,329143,489215,21883_20220630
0.9763751348340396,20220930,12.54,550536,21883,4036,37705,322873,492032,21883_20220930
1.2636037350241565,20221231,16.37,564898,21883,6999,42136,333030,503462,21883_20221231
1.1763940028161401,20230331,15.77,556495,21883,1649,41543,336689,494343,21883_20230331
1.0665920120344548,20230630,14.16,543161,21883,2959,41686,338145,480728,21883_20230630
0.9710305054071687,20230930,12.87,525779,21883,3988,39919,328929,460883,21883_20230930
0.9078506895172558,20231231,11.86,547452,21883,4971,44327,324597,479076,21883_20231231
0.40387699602538174,20240331,4.97,528123,21883,543,43091,332215,460532,21883_20240331
0.44387951948637333,20240630,5.4,526211,21883,1185,44179,332450,456681,21883_20240630
0.5000380064943964,20240930,5.84,506801,21883,1977,48852,311711,436704,21883_20240930
0.7019839539981021,20241231,8.1,511131,21883,3678,46720,322975,445020,21883_20241231
0.629866704458669,20250331,6.65,504957,21883,800,49586,316948,434305,21883_20250331
0.542503047676624,20250630,5.55,489157,21883,1361,50922,306674,417635,21883_20250630
0.4953230002294032,20250930,5.28,469444,21883,1834,38184,304520,414319,21883_20250930
0.6158880394168345,20251231,6.62,696251,21883,3290,63050,435071,603397,21883_20251231
0.9996142140683271,20260331,11.01,703489,21883,1749,64082,461443,607470,21883_20260331
1.1202136911179845,20260630,12.24,690754,21883,3903,64186,461111,593717,21883_20260630
1.5844254661666266,20210331,9.42,26992697,22858,105256,4468721,17942443,21586448,22858_20210331
1.4942911607217941,20210630,8.94,27158306,22858,199995,4494364,17247283,21793536,22858_20210630
1.4562259693165258,20210930,8.75,27479148,22858,294300,4499488,17026037,22081923,22858_20210930
1.3533239906374217,20211231,8.17,29289723,22858,371007,4784480,18312048,23614037,22858_20211231
1.1358490703788038,20220331,7.05,29334263,22858,83235,4666521,18517532,23730905,22858_20220331
1.230928987270849,20220630,7.66,28735887,22858,179223,4592280,18977355,23246717,22858_20220630
1.3041523915871527,20220930,8.17,29002351,22858,284546,4525616,19690544,23100515,22858_20220930
1.337838517533324,20221231,8.43,29430409,22858,390094,4575098,20380299,22557697,22858_20221231
1.3841533667406305,20230331,8.92,30108080,22858,103013,4661503,20439844,22523395,22858_20230331
1.3459279023042268,20230630,8.62,29633598,22858,200032,4686681,20604866,22618814,22858_20230630
1.3566477156327914,20230930,8.62,29155846,22858,301000,4693946,20902611,22925658,22858_20230930
1.3092142971733738,20231231,8.28,29851399,22858,387997,4818320,21156108,23062318,22858_20231231
1.2368085377079205,20240331,7.65,29939262,22858,92437,4852426,21301597,23156081,22858_20240331
1.3142680199187406,20240630,8.09,29868220,22858,196393,4898107,21397779,23305317,22858_20240630
1.33363378244092,20240930,8.14,29769221,22858,298645,5004606,21397694,24070496,22858_20240930
1.3417161000803213,20241231,8.15,29924656,22858,400778,5024692,21446009,24213089,22858_20241231
1.181611506313197,20250331,7.11,32690848,22858,92484,5383948,23581290,26592282,22858_20250331
1.3947881372112945,20250630,8.38,32679829,22858,221528,5444304,23779313,26549454,22858_20250630
1.4549634745498934,20250930,8.76,33293363,22858,350806,5514424,24243882,27081899,22858_20250930
1.4997872848395728,20251231,9.02,33545963,22858,486335,5577829,24442881,27249096,22858_20251231
1.499121920028495,20260331,9.02,33609082,22858,125842,5588486,24592774,27304038,22858_20260331
1.5590344203875934,20260630,9.36,33638881,22858,261902,5615281,24730244,27338472,22858_20260630
0.9612691879359415,20210331,7.48,158201,22888,369,19802,72730,137708,22888_20210331
1.1501384899794664,20210630,9.04,161893,22888,899,20197,79033,141166,22888_20210630
1.1879992054583748,20210930,9.4,165341,22888,1413,20558,81511,144229,22888_20210930
0.9044702397500646,20211231,7.24,167799,22888,1451,20053,80895,147375,22888_20211231
0.7324531253703748,20220331,6.22,169697,22888,309,19685,75409,149404,22888_20220331
0.6972370273875486,20220630,6.03,174525,22888,595,19486,73156,154572,22888_20220630
0.7858550067036993,20220930,6.94,180880,22888,1021,19185,78591,161063,22888_20220930
0.8656836769957379,20221231,7.68,175199,22888,1503,19388,77435,155386,22888_20221231
1.343094808183639,20230331,12.07,179802,22888,596,20115,81126,158907,22888_20230331
1.3021161740596925,20230630,11.56,176288,22888,1153,20335,83558,155332,22888_20230630
1.2731096206973949,20230930,11.18,177090,22888,1691,20820,82057,155297,22888_20230930
1.2794592235271236,20231231,11.11,175979,22888,2263,21212,83770,154021,22888_20231231
0.8755340956452954,20240331,7.23,176720,22888,386,21490,86031,154102,22888_20240331
1.0805938152764074,20240630,8.82,175344,22888,951,22015,85607,152238,22888_20240630
1.2833707485744041,20240930,10.33,176750,22888,1696,22875,87816,152720,22888_20240930
1.209127408325333,20241231,9.66,176421,22888,2131,22730,89575,152519,22888_20241231
1.515376865807766,20250331,11.71,179926,22888,675,23372,91370,155342,22888_20250331
1.5587728999554262,20250630,11.92,179844,22888,1393,24016,93291,154870,22888_20250630
1.578297112971699,20250930,11.98,183892,22888,2131,24728,94715,157989,22888_20250930
1.4672675002735582,20251231,11.14,184660,22888,2655,24292,97259,158865,22888_20251231
1.4620280310840799,20260331,11.17,190709,22888,686,24830,94947,164172,22888_20260331
1.632433402098843,20260630,12.45,193230,22888,1547,25449,99040,166345,22888_20260630
1.651301033792861,20210331,16.22,2513917,22918,10024,249599,2028649,2154313,22918_20210331
1.6309688718369235,20210630,16.23,2616812,22918,20314,256502,2061501,2251683,22918_20210630
1.7206503013341738,20210930,17.26,2690861,22918,32792,262640,2043546,2327535,22918_20210930
1.6420967765121006,20211231,16.66,2844708,22918,42723,268726,2078153,2484625,22918_20211231
1.7123176227421644,20220331,18.07,2871054,22918,12234,272794,2123875,2509410,22918_20220331
1.648781574492314,20220630,17.44,2956824,22918,23832,278545,2213021,2597158,22918_20220630
1.6490806699045835,20220930,17.41,2983880,22918,36043,284240,2322834,2623550,22918_20220930
1.6570882565996148,20221231,17.55,3140875,22918,49041,293226,2400249,2771609,22918_20221231
1.6243276656551546,20230331,16.98,3087425,22918,12646,302654,2510744,2710319,22918_20230331
1.6344828908108524,20230630,16.93,3162560,22918,25582,310653,2641761,2782491,22918_20230630
1.6207875345327853,20230930,16.62,3147587,22918,38105,316530,2744543,2764057,22918_20230930
1.6096946217354766,20231231,16.47,3322636,22918,51063,326930,2831424,2932684,22918_20231231
1.4474608652228609,20240331,14.7,3389808,22918,12145,334230,2926847,2993263,22918_20240331
1.4964258484456519,20240630,15.36,3595317,22918,25708,343318,3065439,3192843,22918_20240630
1.53937504874226,20240930,15.83,3668817,22918,40342,354765,3134643,3255872,22918_20240930
1.5841805229203174,20241231,16.37,3821583,22918,56391,363339,3196467,3401614,22918_20241231
1.567668565415984,20250331,16.47,3925973,22918,15182,374155,3257013,3494458,22918_20250331
1.5746771072435777,20250630,16.51,4009521,22918,30856,384084,3382802,3572643,22918_20250630
1.5997626764428463,20250930,16.74,4110880,22918,47598,394810,3420664,3657812,22918_20250930
1.6218321388544528,20251231,16.94,4208720,22918,65122,405973,3409591,3760938,22918_20251231
1.70469836725614,20260331,17.36,4147949,22918,17807,414707,3518296,3691233,22918_20260331
1.8334656642762661,20260630,18.63,4275801,22918,38602,422640,3585777,3817157,22918_20260630
0.030829704420208874,20210331,0.24,91373,23989,7,11412,49953,78480,23989_20210331
0.1573741826196244,20210630,1.25,92862,23989,72,11505,50851,79826,23989_20210630
0.2775434621159965,20210930,2.23,94437,23989,192,11496,49731,81369,23989_20210930
0.2639796542510382,20211231,2.14,97003,23989,246,11446,50000,83982,23989_20211231
0.1327477222876166,20220331,1.17,95844,23989,32,10457,49269,83786,23989_20220331
0.20668274199104375,20220630,1.88,94550,23989,99,9768,49254,83177,23989_20220630
-0.06401966566285495,20220930,-0.6,95809,23989,-46,8910,49581,85308,23989_20220930
0.038573972368525306,20221231,0.37,96392,23989,37,9168,49547,85930,23989_20221231
0.5748693955479093,20230331,5.85,94260,23989,137,9557,49945,83378,23989_20230331
0.4550344803259317,20230630,4.59,92843,23989,215,9372,49925,82126,23989_20230630
0.45397805539420255,20230930,4.54,90082,23989,318,9221,50059,79505,23989_20230930
0.6116135634175546,20231231,6.03,91586,23989,569,9878,51505,80153,23989_20231231
0.3187877332227038,20240331,2.95,91608,23989,73,9888,52135,80285,23989_20240331
0.26746398477847244,20240630,2.48,92731,23989,123,10015,54438,81094,23989_20240630
0.23949541409248018,20240930,2.18,91505,23989,165,10602,55141,79197,23989_20240930
0.15929709884222434,20241231,1.45,93972,23989,147,10281,55892,81864,23989_20241231
0.021206996188042435,20250331,0.19,94645,23989,5,10539,56116,82392,23989_20250331
0.18683255132587417,20250630,1.67,93989,23989,88,10782,55944,81560,23989_20250630
0.23226237041786896,20250930,2.04,91674,23989,163,11079,56573,78905,23989_20250930
0.21729821623728968,20251231,1.89,95121,23989,204,11231,57696,82202,23989_20251231
0.26105263157894737,20260331,2.22,94879,23989,62,11108,55780,82119,23989_20260331
-0.5122542361520253,20260630,-4.38,93453,23989,-242,10819,56159,81021,23989_20260630
-0.07633264068529749,20210331,-1.22,337907,24015,-63,20459,212742,273885,24015_20210331
0.32482332448823725,20210630,4.9,333503,24015,538,24611,202084,276297,24015_20210630
0.5816141711412192,20210930,8.39,326659,24015,1440,25596,183615,280094,24015_20210930
0.5045488134320222,20211231,7.12,330550,24015,1666,25457,191306,288078,24015_20211231
0.07656245982613465,20220331,1.06,369532,24015,67,25075,188979,334241,24015_20220331
0.07488055737180095,20220630,0.95,405679,24015,138,36711,181607,352504,24015_20220630
0.024201788358197227,20220930,0.29,370677,24015,67,35328,194253,320994,24015_20220930
0.11011215670835885,20221231,1.28,362596,24015,405,35925,203031,320037,24015_20221231
0.19677281404689564,20230331,1.94,352950,24015,176,36769,213625,309765,24015_20230331
0.1521635059353875,20230630,1.52,372757,24015,276,36572,204264,332404,24015_20230630
0.6585000123266395,20230930,6.52,371949,24015,1803,38290,210821,328627,24015_20230930
1.1079442620063984,20231231,10.75,379642,24015,4077,42064,210720,332849,24015_20231231
2.2289149346699664,20240331,19.2,365115,24015,2075,44394,228030,311643,24015_20240331
1.2126691728981356,20240630,10.15,354636,24015,2222,44845,233673,302605,24015_20240630
0.924064209910864,20240930,7.58,350975,24015,2513,45535,227161,301349,24015_20240930
0.704094715879641,20241231,5.81,382482,24015,2581,45200,225139,332642,24015_20241231
0.43638503428460584,20250331,3.67,385647,24015,419,46182,226825,335375,24015_20250331
0.24899802984857383,20250630,2.09,386097,24015,479,46452,222060,335664,24015_20250630
0.19235925283657127,20250930,1.61,390068,24015,557,46760,210711,337926,24015_20250930
0.2223752062036448,20251231,1.85,380381,24015,856,47121,211068,328187,24015_20251231
0.5983631618244303,20260331,4.84,381698,24015,570,47127,215393,329077,24015_20260331
0.36776294133517506,20260630,2.99,383224,24015,702,46825,226210,323776,24015_20260630
1.4418965255409109,20210331,16.53,131493,26847,451,10987,78772,104772,26847_20210331
1.2606613696958444,20210630,14.46,126719,26847,792,11028,72680,99406,26847_20210630
1.214295425120782,20210930,14.23,138238,26847,1173,11103,71470,109037,26847_20210930
1.1323530311278573,20211231,13.48,138765,26847,1481,10971,69567,113952,26847_20211231
0.9379187137114784,20220331,11.67,129915,26847,315,10629,70210,106417,26847_20220331
1.088686039695168,20220630,13.35,125373,26847,715,10525,73583,101774,26847_20220630
1.1700836811960003,20220930,14.15,120997,26847,1130,10459,75370,101129,26847_20220930
1.3108277138518487,20221231,15.97,134921,26847,1704,10776,79685,115936,26847_20221231
1.7642371902105984,20230331,21.2,129896,26847,584,11265,84145,107760,26847_20230331
1.707862152969533,20230630,19.74,122685,26847,1103,11492,84721,99820,26847_20230630
1.7461302489117307,20230930,19.7,125009,26847,1678,11885,87542,99388,26847_20230930
1.7388665119602402,20231231,19.09,120085,26847,2200,12205,92130,98716,26847_20231231
2.0675046821456906,20240331,20.57,124461,26847,632,12374,93031,99803,26847_20240331
2.0626194904848014,20240630,21.41,141468,26847,1327,12611,94227,117606,26847_20240630
1.9529614250513427,20240930,20.02,125743,26847,1874,12727,95351,100576,26847_20240930
1.9521740685951967,20241231,20.06,131116,26847,2510,12631,100009,103886,26847_20241231
2.0924364576281618,20250331,21.32,128868,26847,680,12881,100257,105416,26847_20250331
2.067934871936217,20250630,21.21,135483,26847,1363,13038,104914,103914,26847_20250630
2.019201133579867,20250930,20.83,138064,26847,2020,13179,106823,101605,26847_20250930
2.013591368016336,20251231,20.77,135423,26847,2694,13136,103960,109674,26847_20251231
1.9004068058318735,20260331,19.51,133993,26847,640,13107,104421,105177,26847_20260331
1.9945342558094825,20260630,20.8,141507,26847,1366,13156,106807,104518,26847_20260630
0.24306469861424185,20210331,2.21,176540,26871,105,18886,90048,133612,26871_20210331
0.3001020346917952,20210630,2.63,154243,26871,250,19029,91474,115572,26871_20210630
0.41752928195682065,20210930,3.59,155437,26871,513,19178,95096,118530,26871_20210930
0.4624338676466242,20211231,3.93,156741,26871,751,19266,94351,120280,26871_20211231
0.5514891181702007,20220331,4.51,150790,26871,212,18347,93941,116236,26871_20220331
0.5483349555826664,20220630,4.51,146571,26871,415,17640,95544,109877,26871_20220630
0.4623326076243937,20220930,3.88,152661,26871,526,17104,98431,111505,26871_20220930
0.3648415053061352,20221231,3.13,162064,26871,561,17362,104303,114565,26871_20221231
0.1205778562698847,20230331,1.05,143133,26871,46,17678,99123,109342,26871_20230331
0.11844858673288089,20230630,1.03,150697,26871,90,17505,108444,112072,26871_20230630
0.09864398234839655,20230930,0.86,155042,26871,113,17153,106509,112779,26871_20230930
0.08495899094859981,20231231,0.74,154139,26871,130,17812,111987,111483,26871_20231231
0.12467937270690607,20240331,1.08,153851,26871,48,17759,112004,119677,26871_20240331
0.1423586698388996,20240630,1.22,151413,26871,109,17985,106506,117153,26871_20240630
0.14567789557936994,20240930,1.27,170281,26871,172,18496,103628,114529,26871_20240930
0.14491741001534572,20241231,1.24,143170,26871,224,18121,103197,110433,26871_20241231
0.18299935950224175,20250331,1.42,140984,26871,65,18440,100004,108069,26871_20250331
0.13341060425068893,20250630,1.02,138601,26871,94,18602,94379,105612,26871_20250630
0.14843119862386472,20250930,1.11,134167,26871,155,18999,88680,101772,26871_20250930
0.1801123842942001,20251231,1.32,128761,26871,247,19168,88313,95212,26871_20251231
0.11328195524654755,20260331,0.84,153720,26871,40,19068,87467,95088,26871_20260331
0.22042720213885492,20260630,1.62,139427,26871,155,19252,89621,94937,26871_20260630
0.21789407289894686,20210331,2.86,105604,27567,57,8005,78879,97446,27567_20210331
0.12533509730877693,20210630,1.65,106677,27567,66,8014,80770,97934,27567_20210630
0.21330427147749245,20210930,2.81,106594,27567,169,8117,82010,98304,27567_20210930
0.32143853642718706,20211231,4.22,107881,27567,341,8289,82535,98886,27567_20211231
0.022147883262198638,20220331,0.29,108844,27567,6,8295,82371,100392,27567_20220331
-0.06446523021761619,20220630,-0.85,109032,27567,-35,8254,82417,100020,27567_20220630
0.004897786757277987,20220930,0.06,109803,27567,4,8293,84910,101370,27567_20220930
0.08529981509201374,20221231,1.12,109576,27567,93,8382,86577,100439,27567_20221231
0.251609021459697,20230331,3.28,109812,27567,69,8452,86399,101161,27567_20230331
0.3641742790477788,20230630,4.7,108477,27567,199,8581,88102,99061,27567_20230630
0.24356870737058553,20230930,3.12,107867,27567,199,8581,89163,99114,27567_20230930
0.25613998879617894,20231231,3.26,106940,27567,278,8660,86466,97444,27567_20231231
0.16454441764364916,20240331,2.03,106984,27567,44,8704,86051,98162,27567_20240331
0.2120439725406183,20240630,2.59,105821,27567,113,8773,85812,96186,27567_20240630
0.23731013537374926,20240930,2.88,105005,27567,189,8849,85769,96014,27567_20240930
0.25955835438115626,20241231,3.13,104996,27567,275,8935,84518,95239,27567_20241231
0.17122066062638225,20250331,2.01,105259,27567,45,8980,83825,96164,27567_20250331
0.20683242778259192,20250630,2.43,105943,27567,109,9044,82252,96090,27567_20250630
0.20886611347409995,20250930,2.44,105114,27567,165,9100,84110,95915,27567_20250930
0.23780941382833204,20251231,2.76,104319,27567,250,9185,84990,94323,27567_20251231
0.19543318627944073,20260331,2.21,104448,27567,51,9235,84095,95106,27567_20260331
0.22640568188722565,20260630,2.55,103946,27567,118,9303,83488,93819,27567_20260630
0.04403890702622786,20210331,0.29,448630,28780,49,66551,330082,374996,28780_20210331
0.23481772926037636,20210630,1.57,451344,28780,525,67270,328318,376556,28780_20210630
0.1718219903459193,20210930,1.15,452594,28780,578,67030,327493,375092,28780_20210930
0.15368527931463058,20211231,1.03,447534,28780,689,66709,322952,373835,28780_20211231
0.10776761827997093,20220331,0.74,450695,28780,121,63764,319989,374774,28780_20220331
0.16717798495398137,20220630,1.16,444053,28780,374,62502,330430,371425,28780_20220630
0.23275766310856078,20220930,1.63,438066,28780,777,60562,340241,366725,28780_20220930
0.23662385267970856,20221231,1.66,429911,28780,1046,61477,343170,358328,28780_20221231
0.2682929630522919,20230331,1.89,440779,28780,292,62123,354898,355416,28780_20230331
0.21331339977346844,20230630,1.51,445683,28780,468,61827,366076,352833,28780_20230630
0.13749798299211458,20230930,0.99,452336,28780,456,61108,382025,347798,28780_20230930
0.09032047592150477,20231231,0.65,456700,28780,402,62866,386315,343352,28780_20231231
-0.11455605157645742,20240331,-0.84,458136,28780,-131,62633,388318,348723,28780_20240331
-0.07796269178603182,20240630,-0.57,455050,28780,-178,62526,386946,345471,28780_20240630
-0.06499154100772342,20240930,-0.47,451844,28780,-222,63747,380910,340936,28780_20240930
-0.08497027357793355,20241231,-0.62,455537,28780,-387,62707,377322,346002,28780_20241231
0.3525972170319404,20250331,2.53,454283,28780,401,63857,373759,343424,28780_20250331
0.19577788564302867,20250630,1.39,447841,28780,443,64286,368866,342117,28780_20250630
0.1276729904887169,20250930,0.9,442727,28780,431,64669,369300,336467,28780_20250930
0.12112527158556988,20251231,0.85,445221,28780,544,65103,364891,339131,28780_20251231
0.06787492739340699,20260331,0.48,474117,28780,78,64323,368113,361186,28780_20260331
0.16238965013957574,20260630,1.17,492082,28780,382,66229,369385,372598,28780_20260630
0.5306520352966941,20210331,2.18,1042416,29613,1369,251053,689934,788370,29613_20210331
0.48921227906141296,20210630,2.02,1053789,29613,2542,253480,688770,797782,29613_20210630
0.5370089960845311,20210930,2.22,1053483,29613,4200,254056,669313,796143,29613_20210930
0.5539804942263262,20211231,2.29,1058278,29613,5794,254865,657657,800673,29613_20211231
0.23342756227052613,20220331,0.99,1063151,29613,619,245990,657798,811177,29613_20220331
0.2431935278797963,20220630,1.05,1068623,29613,1293,240064,709281,822714,29613_20220630
0.2284410189534859,20220930,1.03,1217686,29613,1888,233099,891238,972879,29613_20220930
0.27666823830832055,20221231,1.29,1212712,29613,3110,235560,898193,945720,29613_20221231
0.6456336446502157,20230331,3.32,1230779,29613,1972,240097,916346,954839,29613_20230331
0.6263481847230044,20230630,3.22,1237848,29613,3843,239967,915378,951214,29613_20230630
0.5556226678211657,20230930,2.87,1229305,29613,5116,236514,920651,945283,29613_20230930
0.38406826732765137,20231231,1.99,1286171,29613,4760,244124,915979,953487,29613_20231231
0.30200607381383743,20240331,1.62,1325697,29613,986,244033,904311,992183,29613_20240331
0.2035794143703922,20240630,1.1,1328609,29613,1337,244016,907239,1004862,29613_20240630
0.18085016212385108,20240930,0.97,1296877,29613,1776,249311,889087,1010046,29613_20240930
0.18707761382503568,20241231,0.99,1262622,29613,2432,246175,885792,1009743,29613_20241231
-0.05410594085603667,20250331,-0.28,1265751,29613,-171,247883,909026,1011119,29613_20250331
0.045480302791432545,20250630,0.23,1271074,29613,288,248816,922760,1015380,29613_20250630
0.11238148095417239,20250930,0.58,1306842,29613,1076,251242,920159,1047500,29613_20250930
0.18470669059917635,20251231,0.95,1320116,29613,2374,253725,948765,1058410,29613_20251231
0.11010275256881422,20260331,0.58,1346484,29613,367,253721,942742,1085352,29613_20260331
0.2844479675529652,20260630,1.5,1360147,29613,1909,255464,956755,1096846,29613_20260630
-1.6272381001736065,20210331,-9.68,38288,29685,-157,6387,17288,31880,29685_20210331
-1.2491867273910213,20210630,-7.47,38089,29685,-240,6292,16131,31766,29685_20210630
-0.7260756245868268,20210930,-4.33,37506,29685,-208,6341,15754,31133,29685_20210930
-0.7488924275150961,20211231,-4.47,37500,29685,-285,6264,15048,31084,29685_20211231
-0.44922788956481047,20220331,-2.69,37295,29685,-42,6221,14511,30936,29685_20220331
0.6574988098552963,20220630,3.89,36536,29685,122,6345,14278,30025,29685_20220630
0.550998777778528,20220930,3.26,36760,29685,153,6221,13675,30378,29685_20220930
0.49411430692961195,20221231,2.89,35065,29685,181,6265,15415,28762,29685_20221231
2.1763850704590273,20230331,11.86,34408,29685,189,6489,14801,27878,29685_20230331
1.9829199812821712,20230630,10.53,33103,29685,339,6559,15877,26466,29685_20230630
1.7227121513648378,20230930,8.96,32092,29685,435,6580,15974,25469,29685_20230930
1.4877745048734343,20231231,7.6,32360,29685,497,6798,15615,25493,29685_20231231
0.4407780957774071,20240331,2.12,32979,29685,36,6812,17360,26078,29685_20240331
0.470741672865105,20240630,2.26,32804,29685,77,6837,19744,25873,29685_20240630
0.5276859378329832,20240930,2.53,33245,29685,130,6979,19551,26151,29685_20240930
0.5342756012118342,20241231,2.56,33321,29685,176,6976,19403,26211,29685_20241231
0.4619428953486605,20250331,2.17,32488,29685,38,7028,19664,25348,29685_20250331
0.34820855859983507,20250630,1.62,32408,29685,57,7059,19557,25244,29685_20250630
0.32337557276516055,20250930,1.5,32072,29685,79,7086,19139,24865,29685_20250930
0.39943955557740524,20251231,1.84,32439,29685,130,7148,18837,25176,29685_20251231
0.34522616937658934,20260331,1.57,32446,29685,28,7141,18579,25198,29685_20260331
0.41463389477375634,20260630,1.87,32068,29685,67,7170,18060,24784,29685_20260630
0.5909499459957551,20210331,3.87,334016,30680,489,50720,243382,282882,30680_20210331
0.5800042055287755,20210630,3.82,341456,30680,970,51252,239193,289951,30680_20210630
0.48134610913310216,20210930,3.18,342750,30680,1215,51462,235607,291011,30680_20210930
0.47333515786096153,20211231,3.14,349225,30680,1605,51770,242248,297060,30680_20211231
0.43689921025347833,20220331,2.98,353912,30680,384,51416,237528,302138,30680_20220331
0.635191657702903,20220630,4.34,355756,30680,1121,51710,242025,303778,30680_20220630
0.878506208254686,20220930,5.97,347702,30680,2317,52140,250330,295222,30680_20220930
0.9027600868660258,20221231,6.07,344147,30680,3161,53214,257179,290447,30680_20221231
1.1740046831561315,20230331,7.57,340007,30680,1004,52952,257345,286325,30680_20230331
1.5532384756149837,20230630,9.82,330629,30680,2627,54401,259792,275748,30680_20230630
1.2697493977615077,20230930,7.97,336841,30680,3218,54720,258166,281626,30680_20230930
1.1635661801094401,20231231,7.28,345744,30680,3950,56075,270602,285005,30680_20231231
0.7186942962169046,20240331,4.49,357754,30680,632,56630,274016,296626,30680_20240331
0.7442340215082502,20240630,4.65,359071,30680,1318,57304,277560,297436,30680_20240630
0.7296901946599333,20240930,4.55,361196,30680,1948,58347,279121,298278,30680_20240930
0.6389580069425245,20241231,3.99,366650,30680,2288,58354,280219,303420,30680_20241231
0.5148948824173989,20250331,3.23,369811,30680,474,59050,281406,306036,30680_20250331
0.5187622648082676,20250630,3.23,365778,30680,953,59668,282791,301396,30680_20250630
0.5418715931600657,20250930,3.34,362278,30680,1488,60382,289743,297227,30680_20250930
0.5366304434262085,20251231,3.28,358898,30680,1957,60943,287513,296974,30680_20251231
0.6373537604843444,20260331,3.75,361581,30680,574,61454,285485,299130,30680_20260331
0.7733011477165261,20260630,4.55,366549,30680,1401,62257,283401,303363,30680_20260630
0.3053266916908646,20210331,2.13,126718,31083,97,18194,77149,108319,31083_20210331
0.1796662235244008,20210630,1.27,133231,31083,116,18323,76323,114746,31083_20210630
0.3101844753873907,20210930,2.22,137021,31083,305,18428,78340,118099,31083_20210930
0.22850201893560151,20211231,1.66,140796,31083,304,18356,78607,121935,31083_20211231
0.1306013567257962,20220331,1.04,147103,31083,47,17663,78880,129198,31083_20220331
0.14622807441077673,20220630,1.19,147038,31083,106,17238,83153,129565,31083_20220630
0.2713198026443995,20220930,2.25,144930,31083,295,16667,87312,127902,31083_20220930
0.3688782385238264,20221231,3.08,146660,31083,536,17016,89649,128828,31083_20221231
0.49710138000259474,20230331,4.23,146238,31083,182,17371,91455,128397,31083_20230331
0.5022393780238428,20230630,4.27,146733,31083,368,17378,93191,129004,31083_20230630
0.4400532577768458,20230930,3.74,146950,31083,484,17167,95489,129413,31083_20230930
0.379731185644395,20231231,3.22,149466,31083,559,17828,98518,131260,31083_20231231
0.1420982517310001,20240331,1.21,154549,31083,54,17815,103062,136474,31083_20240331
0.14596637560276293,20240630,1.26,156365,31083,112,17862,104698,138197,31083_20240630
0.15942268483394226,20240930,1.36,155159,31083,184,18387,106984,136364,31083_20240930
0.18217586214887693,20241231,1.57,161183,31083,283,18151,106679,142644,31083_20241231
0.12844382280927635,20250331,1.14,162694,31083,52,18465,108620,143862,31083_20250331
0.23630526866391116,20250630,2.08,163628,31083,192,18726,111241,144493,31083_20250630
0.32164535559059965,20250930,2.81,162470,31083,392,19042,110050,142735,31083_20250930
0.2976413305365277,20251231,2.59,164764,31083,485,19225,111161,145100,31083_20251231
0.07030089997272809,20260331,0.6,165246,31083,29,19211,114923,145208,31083_20260331
0.2136391068195534,20260630,1.84,167090,31083,177,19339,116651,147127,31083_20260630
-0.22161025925141356,20210331,-0.82,61871,31267,-34,16509,38681,45168,31267_20210331
-0.02608794899805971,20210630,-0.1,61255,31267,-8,16536,38744,44604,31267_20210630
-0.10223900869189258,20210930,-0.38,61178,31267,-47,16497,40551,44587,31267_20210930
-0.12794813835458693,20211231,-0.47,59640,31267,-78,16462,41834,43095,31267_20211231
-0.6187779136205993,20220331,-2.27,60597,31267,-93,16368,43859,44158,31267_20220331
-0.46353162186046254,20220630,-1.7,59686,31267,-139,16319,46219,43327,31267_20220630
-0.3813292538951429,20220930,-1.4,60633,31267,-172,16283,49640,44286,31267_20220930
-0.19980219582613215,20221231,-0.73,59741,31267,-120,16334,49560,43326,31267_20221231
0.6156239398277247,20230331,2.27,61112,31267,93,16430,49161,44578,31267_20230331
0.4633103138571405,20230630,1.72,61746,31267,141,16477,50154,45206,31267_20230630
0.4287279653051465,20230930,1.58,59973,31267,195,16530,49839,43405,31267_20230930
0.377150913067538,20231231,1.39,61020,31267,229,16565,49451,44383,31267_20231231
0.3261392451507171,20240331,1.21,61627,31267,50,16616,48892,44912,31267_20240331
0.2503008423586041,20240630,0.94,64328,31267,78,16644,48593,47615,31267_20240630
0.2965050174477062,20240930,1.13,66640,31267,141,16711,50158,49829,31267_20240930
0.4880887570632075,20241231,1.87,65999,31267,312,16882,51081,49076,31267_20241231
0.3282475229469333,20250331,1.28,65609,31267,54,16937,51915,48617,31267_20250331
0.3663706096083973,20250630,1.43,66552,31267,121,17005,53089,49508,31267_20250630
0.49116811353514006,20250930,1.92,66780,31267,244,17128,53753,49568,31267_20250930
0.4280370282172861,20251231,1.67,66807,31267,284,17169,54287,49575,31267_20251231
0.07252398579738611,20260331,0.28,65563,31267,12,17181,54728,48299,31267_20260331
0.3635890142030088,20260630,1.41,67306,31267,121,17290,55568,49969,31267_20260630
0.9322377332368298,20210331,10.63,315322,31928,739,27970,273126,273075,31928_20210331
1.1684475126707656,20210630,13.16,319400,31928,1857,29024,275743,278444,31928_20210630
1.2814547035951407,20210930,14.39,329520,31928,3083,29608,276938,287962,31928_20210930
1.2362096656085297,20211231,13.82,335160,31928,4001,30455,281107,292316,31928_20211231
1.1111899189067782,20220331,12.27,341592,31928,940,30857,281078,298042,31928_20220331
1.1739859254541403,20220630,12.9,346940,31928,2003,31856,295005,302499,31928_20220630
1.1215711545815945,20220930,12.39,359571,31928,2909,32016,306495,314618,31928_20220930
1.0798146532938786,20221231,11.93,362870,31928,3771,32881,305925,317323,31928_20221231
0.9660878732905198,20230331,10.79,374123,31928,890,33124,314464,332790,31928_20230331
0.9045987759642273,20230630,10.22,391242,31928,1701,33880,326959,343055,31928_20230630
0.8236204647300942,20230930,9.37,394111,31928,2351,33958,322208,352194,31928_20230930
0.8792826929028991,20231231,9.99,396832,31928,3375,35028,321700,353956,31928_20231231
0.625188890757599,20240331,7.06,393969,31928,618,34969,323764,351021,31928_20240331
0.6601734353940442,20240630,7.37,388889,31928,1298,35627,325864,345946,31928_20240630
0.737742940929292,20240930,8.2,393357,31928,2176,35857,323628,350143,31928_20240930
0.8594418659494316,20241231,9.47,394509,31928,3382,37041,323914,348937,31928_20241231
0.870618154056944,20250331,9.27,396653,31928,861,37227,331548,347603,31928_20250331
0.8913683724993919,20250630,9.42,396899,31928,1765,38138,331767,346941,31928_20250630
0.9172573270021236,20250930,9.69,404473,31928,2739,38414,333887,354245,31928_20250930
0.9216756062521665,20251231,9.68,403830,31928,3680,39360,330620,352941,31928_20251231
0.8111960733407465,20260331,8.4,412742,31928,828,39454,329178,361413,31928_20260331
0.8496477502035613,20260630,8.66,398049,31928,1720,40357,334484,348497,31928_20260630
1.0242599501114766,20210331,4.15,340259,32360,870,84325,246920,220147,32360_20210331
1.1793669632085373,20210630,4.75,340015,32360,2004,85463,234539,218772,32360_20210630
1.1659199975192571,20210930,4.65,334903,32360,2961,86425,227935,216647,32360_20210930
1.5518355693496493,20211231,6.13,335179,32360,5244,87684,203714,221231,32360_20211231
1.7797645038817633,20220331,6.79,340416,32360,1503,89311,195221,221265,32360_20220331
1.5991093069541058,20220630,6.07,339345,32360,2705,90516,195187,219307,32360_20220630
1.4997667518037248,20220930,5.72,326035,32360,3771,83984,205972,212646,32360_20220930
1.4236652434950317,20221231,5.47,347273,32360,4807,88179,216133,229563,32360_20221231
1.2056211942857973,20230331,4.57,340837,32360,1037,93430,243417,218746,32360_20230331
1.240347504217354,20230630,4.73,355791,32360,2158,92033,258623,236045,32360_20230630
1.3760038303865882,20230930,5.24,353347,32360,3605,93484,263657,232008,32360_20230930
1.5833730327640108,20231231,6.08,376497,32360,5617,94643,284363,253240,32360_20231231
1.3532533061840835,20240331,5.39,383745,32360,1286,96105,290283,259842,32360_20240331
1.4902392464503185,20240630,5.93,388030,32360,2852,97674,304203,259584,32360_20240630
1.8089706359805249,20240930,7.21,401005,32360,5255,100080,306343,269382,32360_20240930
1.882518955564986,20241231,7.54,406613,32360,7364,99905,303720,276141,32360_20241231
2.025041546368682,20250331,8.36,411148,32360,2070,98295,302682,283346,32360_20250331
2.0467034527067915,20250630,8.48,414953,32360,4205,99434,307706,287388,32360_20250630
3.100630738040359,20250930,12.53,388593,32360,9426,103657,300076,256106,32360_20250930
2.9839100767269606,20251231,11.69,366521,32360,11863,106098,278090,237490,32360_20251231
2.360438779588755,20260331,7.95,354023,32360,2126,107714,270082,225419,32360_20260331
2.2746453021696267,20260630,7.46,336412,32360,4007,108600,241581,207967,32360_20260630
3.1106095455784395,20210331,30.05,856465,32363,6505,89601,593617,747341,32363_20210331
2.252243271358723,20210630,21.72,884999,32363,9602,92141,536336,778092,32363_20210630
2.0319434103445535,20210930,19.67,892683,32363,13147,91145,567952,787945,32363_20210930
1.7141156594700395,20211231,16.58,887431,32363,14872,92009,529814,785094,32363_20211231
0.06985789551963006,20220331,0.68,887601,32363,155,90080,526814,787597,32363_20220331
0.2685611998306453,20220630,2.61,867941,32363,1183,89403,561914,761157,32363_20220630
0.29511084270507054,20220930,2.84,817787,32363,1915,88528,602725,711644,32363_20220930
0.3171743020053207,20221231,3.01,800304,32363,2703,88822,606966,695951,32363_20221231
0.0770696251192634,20230331,0.7,819011,32363,156,89258,656167,656394,32363_20230331
-0.23703977717287475,20230630,-2.2,846094,32363,-974,87344,685665,670552,32363_20230630
-0.5331406315688323,20230930,-5.07,864711,32363,-3329,84486,690714,675510,32363_20230930
-0.4622112939100729,20231231,-4.53,932000,32363,-3940,84622,754934,737246,32363_20231231
-0.3888645819204358,20240331,-4.38,962747,32363,-921,83451,780470,736288,32363_20240331
-0.1175760602655346,20240630,-1.35,988493,32363,-565,83892,808872,694904,32363_20240630
0.07441690961351317,20240930,0.86,1015418,32363,544,85905,786358,762385,32363_20240930
0.1530932218694283,20241231,1.76,974190,32363,1492,85875,761852,798415,32363_20241231
0.2905214777638135,20250331,3.24,956132,32363,701,87265,762144,847723,32363_20250331
0.6236407666406788,20250630,7.0,1018491,32363,3065,89643,831704,902168,32363_20250630
0.46032001468886985,20250930,5.2,1037879,32363,3441,90276,792386,927105,32363_20250930
0.44312364299580137,20251231,5.03,1057047,32363,4470,91015,778829,944877,32363_20251231
0.13429171701002762,20260331,1.53,1022009,32363,349,91030,786372,907853,32363_20260331
0.4885664705326675,20260630,5.49,1012028,32363,2517,93060,775821,897144,32363_20260630
1.5114334622957957,20210331,12.1,808015,32527,3055,102246,618351,692014,32527_20210331
1.3889606949187663,20210630,10.95,800771,32527,5597,104716,600709,685254,32527_20210630
1.340233600004972,20210930,10.43,800286,32527,8087,106979,571681,683108,32527_20210930
1.3655440791568498,20211231,10.51,808169,32527,10996,109321,584437,688612,32527_20211231
1.435414201433243,20220331,10.59,849889,32527,2975,115362,632705,718842,32527_20220331
1.4490904407560374,20220630,10.62,849860,32527,6057,117526,630370,722839,32527_20220630
1.4498822200045032,20220930,10.52,840868,32527,9104,119235,646860,707062,32527_20220930
1.4648495826558368,20221231,10.48,836968,32527,12263,123436,658858,687759,32527_20221231
1.6994654486294711,20230331,11.52,849680,32527,3583,125307,672800,671410,32527_20230331
1.8301728009124312,20230630,12.6,912123,32527,7927,128828,694487,730497,32527_20230630
1.8168005011623172,20230930,11.65,922643,32527,11996,171795,698873,691706,32527_20230930
1.7443592268110388,20231231,10.59,876476,32527,15343,175367,696216,683132,32527_20231231
1.5134858749840214,20240331,7.52,883699,32527,3330,178809,700139,687041,32527_20240331
1.5959712204139331,20240630,7.92,888369,32527,7045,179846,693751,691263,32527_20240630
1.690199535828897,20240930,8.32,884205,32527,11196,183400,684962,682812,32527_20240930
1.516406171466591,20241231,7.46,904057,32527,13456,184741,729238,686333,32527_20241231
0.986011701464168,20250331,4.83,914177,32527,2241,186450,741283,694727,32527_20250331
1.197437404507714,20250630,5.82,900572,32527,5426,187964,742172,695129,32527_20250630
1.3962984093489073,20250930,6.75,901724,32527,9479,190255,737599,687534,32527_20250930
1.6121209388037343,20251231,8.02,903014,32527,14585,160152,748137,689285,32527_20251231
0.4605948167567409,20260331,2.58,901609,32527,1039,161893,728967,686638,32527_20260331
1.0097522601969304,20260630,5.57,868706,32527,4499,162591,704158,689121,32527_20260630
3.6896818075139066,20210331,34.93,1856255,34294,16468,193723,1345334,1628848,34294_20210331
4.166191096434959,20210630,38.74,2045459,34294,38996,226710,1490337,1708201,34294_20210630
3.9974148231273605,20210930,37.77,2308592,34294,59398,234845,1580511,1961723,34294_20210930
3.6189207288585803,20211231,35.11,2634154,34294,76423,249492,1879440,2225121,34294_20211231
3.0603503167348722,20220331,32.77,2776207,34294,20697,255712,2015601,2366510,34294_20220331
3.2524631097310355,20220630,35.49,3214610,34294,46754,285249,2544257,2741427,34294_20220630
3.224131784709431,20220930,35.89,4086185,34294,76844,351540,3206700,3657731,34294_20220930
3.4974448651676813,20221231,38.75,4255659,34294,118681,389226,3229009,3798738,34294_20221231
3.5657539979792903,20230331,39.24,4463058,34294,38861,403146,3385571,3969349,34294_20230331
3.460682100540606,20230630,38.88,5075789,34294,79564,435434,3538920,4523257,34294_20230630
3.195764172564406,20230930,35.79,5035449,34294,112833,453400,3513701,4411561,34294_20230930
2.7327962460619473,20231231,29.42,5026379,34294,130389,534465,3503623,4379207,34294_20231231
2.5989904251322207,20240331,24.13,5058460,34294,32763,551531,3507223,4395016,34294_20240331
2.093944921059789,20240630,19.3,5162840,34294,53213,568318,3502128,4490133,34294_20240630
1.737901378975378,20240930,15.9,5266973,34294,66850,587522,3545012,4570474,34294_20240930
1.2508064382005073,20241231,11.57,5400229,34294,64829,559979,3606577,4740372,34294_20241231
1.2565856672013591,20250331,11.91,5425933,34294,17005,582349,3634505,4749472,34294_20250331
1.26620320581978,20250630,11.87,5511500,34294,34478,600419,3679747,4812300,34294_20250630
1.3106917591374048,20250930,12.11,5474193,34294,53605,617074,3596143,4761073,34294_20250930
1.4328463910778138,20251231,13.16,5739598,34294,78954,639837,3869507,4993853,34294_20251231
1.5940026834633465,20260331,14.25,5731399,34294,22856,643607,3778695,4975559,34294_20260331
1.466253255848932,20260630,13.33,6121189,34294,42991,650988,3920357,5105134,34294_20260630
-0.5795260588258643,20210331,-7.72,470754,34352,-657,32796,225982,356838,34352_20210331
-0.4522273274073481,20210630,-4.44,1040745,34352,-1468,130356,614718,717661,34352_20210630
-0.20364627671594884,20210930,-1.86,1061371,34352,-1149,130367,642198,759320,34352_20210930
-0.2974254656658869,20211231,-2.67,1092804,34352,-2440,128210,648514,797357,34352_20211231
0.3687706369981566,20220331,3.25,1128631,34352,1024,123780,653375,848908,34352_20220331
0.5328196155651607,20220630,4.09,1223258,34352,3059,197174,646867,899860,34352_20220630
0.5154744144639264,20220930,3.72,1169711,34352,4460,190068,722685,852195,34352_20220930
0.5467272424354163,20221231,3.81,1183734,34352,6340,192977,768045,770931,34352_20221231
0.5584802435938724,20230331,3.43,1204175,34352,1667,195749,776053,739166,34352_20230331
0.34045490629206504,20230630,2.12,1233716,34352,2055,193792,824621,727676,34352_20230630
0.2514588102475318,20230930,1.58,1239487,34352,2292,192202,835356,752413,34352_20230930
0.41269298688072403,20231231,2.64,1375970,34352,5148,200829,880457,760092,34352_20231231
-0.01689405063627582,20240331,-0.12,1370559,34352,-58,200250,926496,773959,34352_20240331
0.057458301412054776,20240630,0.39,1367759,34352,394,201430,938736,765575,34352_20240630
0.10286409531598138,20240930,0.7,1371130,34352,1058,206348,966788,749054,34352_20240930
0.17796934556851196,20241231,1.2,1333172,34352,2427,205746,999957,818571,34352_20241231
-0.7829453802940987,20250331,-4.93,1257047,34352,-2535,205242,991587,848744,34352_20250331
-0.2532311475875653,20250630,-1.57,1245802,34352,-1619,207269,977064,870110,34352_20250630
-2.6163747645149686,20250930,-16.84,1334159,34352,-25364,185164,1013144,919441,34352_20250930
-1.8546691535785789,20251231,-12.2,1344459,34352,-24165,187152,1016540,987767,34352_20251231
0.3559361452866629,20260331,2.63,1424577,34352,1232,187705,1059262,1142340,34352_20260331
0.324864010816794,20260630,2.5,1562007,34352,2345,188423,1126539,1182775,34352_20260630
1.2065556508585316,20210331,8.31,19800793,34589,59401,2872540,14178451,16394323,34589_20210331
1.4983577428454873,20210630,10.25,19953865,34589,148186,2952896,13612394,16710356,34589_20210630
1.5034554205615902,20210930,10.25,19874215,34589,223307,2942368,13073206,16631322,34589_20210930
1.4191813120201082,20211231,9.66,20000309,34589,281605,2957378,13116917,16718291,34589_20211231
0.9494792028571045,20220331,6.55,19691345,34589,47108,2794350,13377985,16544612,34589_20220331
1.1187529167425263,20220630,7.85,19546091,34589,110454,2685680,13567090,16156438,34589_20220630
1.1650099206699254,20220930,8.37,19833024,34589,172726,2572616,13823600,16576698,34589_20220930
1.2484351872016546,20221231,9.07,20342081,34589,248221,2666428,14342310,15955788,34589_20221231
0.8118843033626894,20230331,6.05,19989774,34589,40931,2742914,14481981,16471268,34589_20230331
1.010818371841244,20230630,7.56,20495690,34589,102476,2719773,14956574,16427117,34589_20230630
1.079556648735459,20230930,8.13,20619657,34589,164867,2680878,15164601,16809231,34589_20230930
1.1011024790156454,20231231,8.27,21056427,34589,225734,2845043,15509571,16855193,34589_20231231
1.047986678862713,20240331,7.79,21265485,34589,55441,2845299,15727638,17309097,34589_20240331
0.8538989116895596,20240630,6.31,24641518,34589,95300,3369915,18201965,20020244,34589_20240630
1.0321585164066347,20240930,7.53,24685834,34589,177373,3510679,18187692,20328862,34589_20240930
1.0761484692702823,20241231,7.79,24469472,34589,249922,3474844,18301397,20418048,34589_20241231
0.9752350195758385,20250331,6.86,24519745,34589,59720,3485558,18243418,20561746,34589_20250331
0.6370352317801871,20250630,4.42,37203504,34589,91513,5474359,27045746,31074801,34589_20250630
0.85125430759337,20250930,5.81,36991202,34589,196619,5617160,27092910,30707671,34589_20250930
0.991076730920757,20251231,6.7,37497884,34589,318496,5716082,27519545,30494591,34589_20251231
1.4363472413643639,20260331,9.35,37228893,34589,134167,5759867,27676100,30424485,34589_20260331
1.618884453979564,20260630,10.57,38020862,34589,304209,5792357,28397589,30583038,34589_20260630
1.6722408782618496,20210331,13.62,11102077,34742,46245,1369860,7566815,9292504,34742_20210331
1.7742647039250072,20210630,14.18,10934369,34742,97756,1418563,7222947,9115082,34742_20210630
1.7204218836951095,20210930,14.06,11550432,34742,143901,1322105,6821370,9725865,34742_20210930
1.6596546286675007,20211231,13.77,11799111,34742,187234,1342785,7037851,10024167,34742_20211231
1.6288208133874968,20220331,14.3,11174564,34742,46775,1273187,7067806,9624140,34742_20220331
1.3740058681666756,20220630,12.0,10884259,34742,77535,1260597,7095835,9210915,34742_20220630
1.3846663646439206,20220930,12.07,10657477,34742,115576,1228175,7238118,8786154,34742_20220930
1.4263530687044768,20221231,12.5,11097748,34742,158648,1240473,7567922,8705351,34742_20221231
0.963079396773552,20230331,8.63,11040406,34742,26651,1229648,7665787,7507575,34742_20230331
1.0157332157901537,20230630,9.12,10982157,34742,56069,1217610,7688690,7754101,34742_20230630
1.0133676151083078,20230930,9.14,11110771,34742,84044,1214120,7833059,8410269,34742_20230930
0.9397204994326452,20231231,8.5,11610522,34742,104951,1269022,7882755,8846434,34742_20231231
0.004798886313131734,20240331,0.04,11561521,34742,139,1254443,7883018,8537769,34742_20240331
-1.4437973896911582,20240630,-13.47,11248022,34742,-82826,1165149,7900438,8304467,34742_20240630
-0.7150127246530195,20240930,-6.64,11228331,34742,-61200,1225445,7858402,8568196,34742_20240930
-0.36124914464882535,20241231,-3.33,11079766,34742,-40986,1230907,7820498,9154640,34742_20241231
0.12633374348244836,20250331,1.14,11267391,34742,3529,1256474,7829088,9291538,34742_20250331
-1.175186304315023,20250630,-10.49,10550095,34742,-64434,1198338,7575444,9133475,34742_20250630
-1.58833926768282,20250930,-14.37,10763529,34742,-130031,1138543,7284957,9473062,34742_20250930
-1.1965871898394826,20251231,-10.84,10445598,34742,-129486,1149492,7211505,9142300,34742_20251231
0.6608162139797443,20260331,5.81,9902571,34742,16808,1165171,6847099,8596517,34742_20260331
0.523309927281024,20260630,4.5,9618012,34742,26136,1172467,6550957,8201597,34742_20260630
0.77947561931986,20210331,8.55,918612,34755,1722,79253,615454,805272,34755_20210331
0.548911555028093,20210630,6.14,1847448,34755,3307,162016,1160639,1630210,34755_20210630
0.6471678917177859,20210930,7.36,1911510,34755,6706,162463,1106827,1738284,34755_20210930
0.7756414181046045,20211231,8.96,1970721,34755,11630,163616,1055227,1797256,34755_20211231
1.0651770441951667,20220331,13.38,1933982,34755,5199,147150,1001128,1776065,34755_20220331
1.1854214406906884,20220630,15.02,1743921,34755,11160,134897,954689,1600694,34755_20220630
1.2530271150542989,20220930,16.17,1732995,34755,17343,126485,936862,1598360,34755_20220930
1.3678251103145675,20221231,17.44,1621725,34755,24630,133869,930863,1479933,34755_20221231
1.4388547788274386,20230331,16.63,1571370,34755,5743,142392,932186,1399801,34755_20230331
1.4884092126697552,20230630,16.94,1583414,34755,11849,143371,965485,1350315,34755_20230630
1.4169550397929038,20230930,16.12,1561807,34755,16840,137570,1012719,1371440,34755_20230930
1.2592951780130794,20231231,14.11,1644721,34755,20106,155064,1084270,1409349,34755_20231231
0.9872923195546766,20240331,10.4,1618345,34755,4027,154824,1119879,1432252,34755_20240331
1.0696463297519916,20240630,11.11,1572738,34755,8621,155502,1150185,1374804,34755_20240630
1.1287544038802833,20240930,11.51,1613622,34755,13650,167219,1206989,1380967,34755_20240930
1.1565470607089563,20241231,11.74,1615529,34755,18655,161592,1227514,1424536,34755_20241231
1.2450309595235634,20250331,12.26,1632583,34755,5055,168168,1234170,1434678,34755_20250331
1.2150065912724792,20250630,11.82,1633343,34755,9885,171945,1233365,1389930,34755_20250630
1.2227435052846527,20250930,11.67,1604780,34755,14871,178142,1226490,1386048,34755_20250930
1.2930117738756912,20251231,12.16,1647875,34755,21035,184821,1229307,1432797,34755_20251231
1.4044832109551149,20260331,12.45,1646148,34755,5783,186827,1229688,1427791,34755_20260331
1.861551564771451,20260630,16.19,1636058,34755,15296,195241,1225856,1410120,34755_20260630
0.868758197339524,20210331,9.24,809234,34890,1699,74149,587161,721822,34890_20210331
0.8851120493914378,20210630,9.38,796525,34890,3483,75717,585218,712219,34890_20210630
0.9182221024217827,20210930,9.67,799755,34890,5442,77251,567505,714334,34890_20210930
0.9425516298583569,20211231,9.85,794409,34890,7456,78460,587010,708422,34890_20211231
1.011149012611994,20220331,10.67,813267,34890,2032,73844,588473,732389,34890_20220331
1.0032619049753217,20220630,11.01,846718,34890,4104,71283,578877,708307,34890_20220630
1.0212429406756298,20220930,11.4,828321,34890,6286,70511,573281,724920,34890_20220930
1.0813560224235979,20221231,11.97,775153,34890,8776,72360,577886,693892,34890_20221231
1.1584145984712957,20230331,12.31,793888,34890,2272,75301,583829,709960,34890_20230331
1.0797189543916328,20230630,11.47,803243,34890,4269,75714,602224,709283,34890_20230630
1.0848000196691112,20230930,11.53,800203,34890,6453,75154,619295,706323,34890_20230930
1.0348653474769516,20231231,10.93,826584,34890,8277,80112,630855,717662,34890_20231231
0.9844152143183765,20240331,10.36,850757,34890,2064,79241,631188,741980,34890_20240331
0.9553445906455842,20240630,10.05,854939,34890,4032,81377,632206,744424,34890_20240630
1.0024624037899181,20240930,10.45,880564,34890,6415,86548,638686,764349,34890_20240930
1.087837679529533,20241231,11.35,855256,34890,9286,81923,649852,754120,34890_20241231
0.9652014915703241,20250331,10.12,881169,34890,2095,83698,662899,778016,34890_20250331
1.1031399751917093,20250630,11.53,893341,34890,4835,85953,687867,783019,34890_20250630
1.1733063496250389,20250930,12.14,911136,34890,7790,90581,699305,800502,34890_20250930
1.2222931166957984,20251231,12.47,910158,34890,10881,94130,701480,799452,34890_20251231
1.4013718613307735,20260331,13.76,940029,34890,3241,94322,715189,828863,34890_20260331
1.4790263577794267,20260630,14.43,942461,34890,6884,97800,725379,828386,34890_20260630
1.8580857549193777,20210331,15.47,15079397,35095,68995,1800216,10201411,12218443,35095_20210331
1.645338015590355,20210630,13.81,15803835,35095,124798,1853845,9869895,13079395,35095_20210630
1.5237366647136124,20210930,12.79,15811373,35095,175199,1883087,9622234,13137531,35095_20210930
1.386304149426393,20211231,11.7,16361399,35095,215383,1899315,9758507,13716320,35095_20211231
1.1041787075912317,20220331,9.69,16666588,35095,45586,1862518,10040095,13923831,35095_20220331
1.107976631216046,20220630,9.84,16864040,35095,92132,1853720,10533457,14154819,35095_20220630
1.1526138372522228,20220930,10.2,15951797,35095,142302,1826661,10617137,13548237,35095_20220930
1.156739198917815,20221231,10.14,15845722,35095,188987,1873961,10786579,13388748,35095_20221231
0.941374435408331,20230331,7.97,16730476,35095,38333,1974676,11210945,13674192,35095_20230331
0.964421072263289,20230630,8.25,17225078,35095,80049,1973840,11314004,13913337,35095_20230630
1.002044181405048,20230930,8.55,16680358,35095,124911,1967987,11235862,14016922,35095_20230930
0.9224743915611804,20231231,7.82,16835042,35095,153715,2039973,11352550,14010723,35095_20231231
0.8229590314412545,20240331,6.79,16884255,35095,34687,2049526,11477252,14253186,35095_20240331
0.916087853735622,20240630,7.55,17068845,35095,77544,2072787,11526958,14402599,35095_20240630
0.9453430387745916,20240930,7.73,17188022,35095,120492,2146280,11553649,14469177,35095_20240930
0.9490017681344547,20241231,7.74,17248124,35095,161756,2139333,11536825,14532695,35095_20241231
1.164372607865125,20250331,9.33,17511883,35095,50592,2200659,11695127,14760571,35095_20250331
0.9842392404618188,20250630,7.96,18264614,35095,89430,2231345,12464246,15468462,35095_20250630
0.9229269638424008,20250930,7.5,19682522,35095,128405,2397526,13442368,16627210,35095_20250930
0.9028237490698402,20251231,7.33,19687341,35095,169527,2422066,13342906,16603306,35095_20251231
0.77994486473628,20260331,6.17,22358708,35095,40992,2891687,15239126,18592960,35095_20260331
2.1729177832246838,20260630,16.91,22616959,35095,234179,2994483,15279274,18822283,35095_20260630
0.8964018530853503,20210331,10.81,886683,35207,1948,71714,610635,805279,35207_20210331
0.925859120581157,20210630,11.18,908765,35207,4085,75112,601425,822966,35207_20210630
0.9043095948915183,20210930,10.98,943150,35207,6088,76391,590034,857006,35207_20210930
0.8974530459878189,20211231,10.98,977506,35207,8199,77503,578096,890223,35207_20211231
0.8340381518884845,20220331,11.06,963892,35207,2024,68872,595440,884538,35207_20220331
0.8779558365383219,20220630,12.19,949408,35207,4230,61856,611781,877610,35207_20220630
0.9180246467676552,20220930,13.41,952132,35207,6615,54921,617356,887071,35207_20220930
0.894573480931482,20221231,13.3,918549,35207,8519,57127,607789,851917,35207_20221231
0.7952941505921355,20230331,12.61,938374,35207,1846,59958,619386,867646,35207_20230331
0.9106740996809675,20230630,14.3,941224,35207,4247,61094,616578,869733,35207_20230630
0.8532089151822431,20230930,13.52,951681,35207,5999,58532,602910,882732,35207_20230930
0.8206755019338428,20231231,12.67,959707,35207,7730,68425,603179,880710,35207_20231231
0.7700149081833727,20240331,10.84,974801,35207,1862,68951,605755,894898,35207_20240331
0.777003132610395,20240630,10.93,968183,35207,3759,68925,620922,887827,35207_20240630
0.7458957881587963,20240930,10.3,998382,35207,5456,76214,630351,910498,35207_20240930
0.7206623894294912,20241231,10.03,970140,35207,7021,67646,640168,890163,35207_20241231
0.23276985995283775,20250331,3.3,1002624,35207,574,71315,647127,918952,35207_20250331
0.5996276294256848,20250630,8.54,1000081,35207,2971,69779,653315,917512,35207_20250630
0.6995449079552885,20250930,9.82,1011360,35207,5226,75042,657054,922452,35207_20250930
0.7762995391842874,20251231,10.75,1031900,35207,7788,78412,664830,940597,35207_20251231
0.9128823762186276,20260331,12.04,1052925,35207,2379,79708,652009,959221,35207_20260331
1.00589239760456,20260630,13.08,1033600,35207,5228,81640,691735,938136,35207_20260630
0.9236476935184676,20210331,11.2,3154996,35274,5362,262014,2413593,2166768,35274_20210331
2.8009318040289335,20210630,30.79,2747488,35274,34506,289335,1993848,2198751,35274_20210630
2.2282726112939497,20210930,23.39,2679125,35274,42077,286960,1928642,2207455,35274_20210930
2.0146477641095557,20211231,20.49,2640347,35274,51217,290138,1917401,2301283,35274_20211231
1.6118278750923445,20220331,14.9,2690247,35274,10740,286645,1892418,2355913,35274_20220331
0.9422072611399351,20220630,9.09,2765077,35274,12713,262603,2077561,2343771,35274_20220630
0.7903721166416607,20220930,7.91,2845737,35274,16215,254216,2152455,2414154,35274_20220930
0.46980090441659855,20221231,4.89,3098582,35274,13192,255471,2449853,2505480,35274_20221231
0.6634449944639896,20230331,8.31,3292302,35274,5300,254526,2493350,2763776,35274_20230331
-0.047761952423370634,20230630,-0.61,3181589,35274,-762,239441,2479965,2614545,35274_20230630
-1.5121487627127712,20230930,-20.47,3229122,35274,-36297,196388,2466379,2777511,35274_20230930
-1.2740429718394881,20231231,-17.66,3091511,35274,-40497,200908,2441391,2573043,35274_20231231
-0.2859627932441779,20240331,-4.42,3049148,35274,-2195,196155,2393966,2471273,35274_20240331
-0.4237960194762822,20240630,-5.46,2913225,35274,-6395,305085,2285620,2373558,35274_20240630
-0.2240470296802391,20240930,-2.63,2924254,35274,-5032,316449,2177042,2387593,35274_20240930
-0.21292390990611146,20241231,-2.36,2721949,35274,-6260,307241,2119750,2220526,35274_20241231
0.06604474531495087,20250331,0.58,2668336,35274,445,311492,2060208,2175574,35274_20250331
0.19646898215671627,20250630,1.67,2537684,35274,2596,313610,1968991,2044717,35274_20250630
0.4240463828979396,20250930,3.51,2480695,35274,8276,326203,1905042,1973021,35274_20250930
0.5001148981119737,20251231,4.11,2411390,35274,12823,301407,1861042,1934652,35274_20251231
0.19338384279657667,20260331,1.69,2395630,35274,1162,247388,1814715,1974131,35274_20260331
0.011802641290613205,20260630,0.11,2310031,35274,140,245757,1831422,1891519,35274_20260630
1.8204537765323838,20210331,25.25,2057424,35278,8885,144263,1582721,1863751,35278_20210331
1.8176035968985247,20210630,25.25,2120225,35278,18251,152095,1589292,1923611,35278_20210630
1.9092933941555614,20210930,26.18,2128852,35278,29190,161136,1554748,1921300,35278_20210930
1.9183241410151666,20211231,25.56,2014131,35278,39010,168308,1583097,1798124,35278_20211231
1.8945115303276479,20220331,23.01,2079378,35278,9694,168673,1526755,1864676,35278_20220331
2.0149184782126723,20220630,24.54,2108330,35278,20827,172308,1563579,1890395,35278_20220630
2.0693986542004956,20220930,24.63,1959555,35278,31668,176316,1582413,1738129,35278_20220930
1.9645503246932539,20221231,23.14,2069955,35278,40200,183095,1659776,1758365,35278_20221231
1.7449078889970135,20230331,19.79,2191588,35278,9295,192592,1719591,1945757,35278_20230331
1.4923385611228417,20230630,16.85,2174128,35278,16007,194151,1768854,1937132,35278_20230630
1.5563549040712266,20230930,17.46,2224348,35278,25272,202065,1792810,1974239,35278_20230930
1.5558037491921992,20231231,17.07,2176502,35278,33719,215698,1836060,1900230,35278_20231231
1.1231049512919928,20240331,11.48,2276154,35278,6251,219884,1899769,2010294,35278_20240331
1.2431329241393099,20240630,12.82,2389412,35278,14176,227803,1962915,2104343,35278_20240630
1.2795159991132565,20240930,13.41,2499981,35278,22413,228021,2048943,2190316,35278_20240930
1.2243237062376067,20241231,12.91,3141986,35278,30569,292186,2556305,2774613,35278_20241231
1.5192689957249164,20250331,16.29,3284789,35278,12205,307059,2618749,2904226,35278_20250331
1.4641187263606472,20250630,15.62,3327352,35278,23802,315212,2668701,2954775,35278_20250630
1.4947629108948384,20250930,15.78,3328022,35278,36666,324526,2744629,2935519,35278_20250930
1.5096732922796166,20251231,15.95,3547608,35278,50211,334760,2887596,3105079,35278_20251231
1.1604557321598072,20260331,12.56,3756419,35278,10595,340149,2950160,3314017,35278_20260331
1.2427822554152606,20260630,13.52,3837265,35278,23077,349478,3018460,3392888,35278_20260630
1.482509228780728,20210331,12.85,369908480,4297,1359146,42350882,157058325,306686711,4297_20210331
1.5331394473862474,20210630,13.3,369046976,4297,2817085,42546258,163238909,306941087,4297_20210630
1.4504199257140655,20210930,12.69,372048692,4297,4010128,41416061,171457166,305170226,4297_20210930
1.344935440616936,20211231,11.94,381299804,4297,4991931,40457041,179405665,316873931,4297_20211231
1.009029529957405,20220331,9.82,385291041,4297,966891,38351809,179951320,317854300,4297_20220331
0.8479177983610747,20220630,8.46,388439751,4297,1632285,36904149,188863348,313955549,4297_20220630
0.7841911994249431,20220930,8.07,391805186,4297,2274460,34509192,192402081,322059572,4297_20220930
1.5179712181507932,20221231,14.24,453313240,4297,7579626,49552565,299293315,355083771,4297_20221231
0.8939970251041376,20230331,8.21,469431665,4297,1031164,50905541,294881478,371766972,4297_20230331
1.0929703953178662,20230630,10.06,464953798,4297,2527856,50258494,297888847,367947122,4297_20230630
1.2728698699151615,20230930,11.84,468779830,4297,4430840,48936195,300566766,373754840,4297_20230930
1.1238971053599591,20231231,10.37,475628639,4297,5242097,53187218,306029642,374160480,4297_20231231
1.1634386027183143,20240331,10.43,478877080,4297,1388136,53285296,301404991,374210004,4297_20240331
0.872020040944218,20240630,7.79,477304264,4297,2080945,53814330,302344402,372581242,4297_20240630
1.1092819596421073,20240930,9.68,483857284,4297,3984503,59130315,303804378,380007408,4297_20240930
1.0914436251813093,20241231,9.53,487192523,4297,5245172,55894999,311719645,385442165,4297_20241231
1.261849000523747,20250331,10.72,490573279,4297,1542241,59193851,308385328,388747598,4297_20250331
-0.9617622533192696,20250630,-7.37,648909392,4297,-2607458,97139218,423694917,497464178,4297_20250630
0.1947243232051453,20250930,1.43,652138082,4297,832034,97868410,428674115,498961454,4297_20250930
0.5450581333493583,20251231,3.93,658464240,4297,3201974,97584212,430973294,504752862,4297_20251231
1.3931874396906776,20260331,9.51,672010000,4297,2317000,97280000,424310000,520795000,4297_20260331
1.6717593968867013,20260630,11.35,662157000,4297,5552000,98721000,434466000,512600000,4297_20260630
0.9134190914461646,20210331,8.92,2038544,4832,4534,205215,1447209,1813114,4832_20210331
0.9044840478903992,20210630,8.94,2119309,4832,9181,209720,1457341,1891491,4832_20210630
0.9238916226954876,20210930,9.28,2259654,4832,14465,214627,1479372,2026503,4832_20210930
0.8055047524907429,20211231,7.88,3458147,4832,19023,375374,2142980,3040485,4832_20211231
0.725394400117504,20220331,6.68,3493106,4832,6303,379449,2179302,3079328,4832_20220331
0.8383456284469802,20220630,7.68,3441358,4832,14521,380189,2256402,3025617,4832_20220630
0.9538089291255597,20220930,8.69,3454680,4832,24765,384802,2393948,3035026,4832_20220930
1.0042965664065235,20221231,9.08,3476775,4832,34797,395594,2543712,3019158,4832_20221231
0.882887569057356,20230331,7.88,3555604,4832,7761,392397,2643731,3003931,4832_20230331
0.7345746904743478,20230630,6.65,3639919,4832,13066,391302,2731054,2949462,4832_20230630
-0.03667989240323049,20230930,-0.34,5699569,4832,-1126,562788,4575765,5115900,4832_20230930
0.25855569994989774,20231231,2.5,6004356,4832,11571,570100,4592813,5395779,4832_20231231
0.675544293476767,20240331,6.95,5818999,4832,9984,579520,4605156,5188640,4832_20240331
0.7787990903773228,20240630,7.93,5856943,4832,22949,587283,4675088,5153053,4832_20240630
0.8112930000236536,20240930,8.2,5910096,4832,35886,595954,4702117,5231603,4832_20240930
0.8586446733448204,20241231,8.72,6231022,4832,51212,604261,4733684,5536419,4832_20241231
1.0058484811359079,20250331,10.22,6175618,4832,15599,617071,4735164,5465024,4832_20250331
1.0617570578437345,20250630,10.59,6035997,4832,32636,627838,4803464,5318865,4832_20250630
1.0490595203997584,20250930,10.42,6276283,4832,48623,639670,4844915,5532617,4832_20250930
1.0827551998113274,20251231,10.69,6251146,4832,67066,648279,4874006,5556767,4832_20251231
1.220208596830772,20260331,11.61,6203118,4832,18996,660598,4813583,5490602,4832_20260331
1.2822774024195747,20260630,12.02,6148263,4832,39756,675039,4849839,5426116,4832_20260630
1.3385627159869302,20210331,15.63,1764347,4857,5828,147471,1184201,1471504,4857_20210331
1.264828607764419,20210630,14.94,1743498,4857,11018,144183,1129718,1459085,4857_20210630
1.2057973454726139,20210930,14.14,1686458,4857,15630,146881,1145310,1445893,4857_20210930
1.390371291608466,20211231,16.11,1706545,4857,23969,154405,1137800,1471149,4857_20211231
1.363420231730349,20220331,15.48,1738321,4857,5871,148997,1166249,1510947,4857_20220331
1.3524878786737111,20220630,15.6,1730929,4857,11667,145324,1217876,1487245,4857_20220630
1.4154300101373654,20220930,16.64,1781634,4857,18465,143095,1262384,1514107,4857_20220930
1.463634342232104,20221231,17.25,1825844,4857,25711,153245,1264857,1583588,4857_20221231
0.9588286256843146,20230331,11.63,1916222,4857,4485,155389,1272393,1605098,4857_20230331
0.9603504466534232,20230630,11.66,1906497,4857,9041,156741,1333633,1594658,4857_20230630
0.9706322100210554,20230930,11.8,1904813,4857,13747,156191,1363081,1587922,4857_20230930
0.833124725374069,20231231,10.0,1882186,4857,15722,164878,1389630,1562142,4857_20231231
0.8070760167108842,20240331,9.15,1890445,4857,3806,167789,1394520,1575713,4857_20240331
0.9520162653468963,20240630,10.62,1844710,4857,8913,170938,1405499,1545561,4857_20240630
1.0537406967578204,20240930,11.56,1891466,4857,14836,180745,1430105,1547358,4857_20240930
1.1236707133545778,20241231,12.21,1948145,4857,21253,185974,1463429,1581526,4857_20241231
1.223520804080657,20250331,12.7,1955344,4857,5970,190076,1461402,1631883,4857_20250331
1.242429576627195,20250630,12.77,1981915,4857,12187,196404,1483547,1623559,4857_20250630
1.3096790630171955,20250930,13.29,1997857,4857,19359,204321,1478534,1686906,4857_20250930
1.2742801069102054,20251231,12.87,2060785,4857,25343,207810,1502364,1743614,4857_20251231
1.3515198707002785,20260331,13.14,2012851,4857,6882,211266,1505647,1758118,4857_20260331
1.2486391654069973,20260630,12.02,2054956,4857,12754,217779,1551540,1743782,4857_20260630
1.2057945534128163,20210331,13.25,871045,57184,2469,75634,640880,627117,57184_20210331
1.2350716721343267,20210630,13.4,837070,57184,5095,78996,617361,622103,57184_20210630
1.2820184588781496,20210930,13.76,846602,57184,7985,81455,586659,675496,57184_20210930
1.3419362028456048,20211231,13.72,877767,57184,11271,101305,609180,704964,57184_20211231
1.3874144642208834,20220331,12.09,863025,57184,3019,98400,598304,715445,57184_20220331
1.2961730354592982,20220630,11.66,895893,57184,5696,93365,631381,758131,57184_20220630
1.2905405680879278,20220930,12.1,963990,57184,8713,91078,659789,839654,57184_20220930
1.297920231113538,20221231,12.45,985123,57184,11904,94077,697453,849688,57184_20221231
0.6650477302795291,20230331,6.97,1014132,57184,1662,96693,707901,875151,57184_20230331
0.745922340538544,20230630,7.88,1041276,57184,3780,97176,726393,903214,57184_20230630
0.7081092916542767,20230930,7.6,1058922,57184,5443,93921,752415,927975,57184_20230930
0.3681076047211151,20231231,3.99,1083814,57184,3816,96178,765889,921123,57184_20231231
0.5985679225685476,20240331,6.78,1092046,57184,1628,95896,755515,895081,57184_20240331
0.7423560894019055,20240630,8.42,1095077,57184,4047,96474,771085,881203,57184_20240630
0.5852400412857146,20240930,6.58,1099582,57184,4796,100336,772718,889669,57184_20240930
0.5853786480390731,20241231,6.55,1089195,57184,6392,98988,767327,910842,57184_20241231
0.8917162819780876,20250331,9.64,1081002,57184,2419,101836,751698,911396,57184_20250331
0.6879838205652313,20250630,7.35,1071449,57184,3717,102436,739899,919211,57184_20250630
0.654472743055515,20250930,6.84,1029981,57184,5242,105738,741506,855322,57184_20250930
0.18871686772727922,20251231,1.97,1064409,57184,2014,101783,752938,915294,57184_20251231
0.5958445889107122,20260331,6.16,1051579,57184,1576,102905,775321,917869,57184_20260331
0.44537201214547173,20260630,4.55,1037780,57184,2341,104067,769416,874979,57184_20260630
0.9701767884059298,20210331,7.61,178126,57420,424,21613,106530,154848,57420_20210331
0.9700496694039107,20210630,7.71,181686,57420,859,22240,105929,158819,57420_20210630
0.9935274132936063,20210930,7.95,184234,57420,1333,22600,101821,160764,57420_20210930
0.9901899283854815,20211231,7.99,188320,57420,1790,22588,99347,165129,57420_20211231
0.917697898251817,20220331,8.56,193505,57420,438,18355,98568,172581,57420_20220331
0.8839850855323161,20220630,9.01,202574,57420,861,16387,101420,185617,57420_20220630
0.9000882663463171,20220930,9.88,198912,57420,1322,14038,99691,184127,57420_20220930
0.9223760814414884,20221231,10.45,200561,57420,1815,15462,101913,184491,57420_20221231
0.7954855187312612,20230331,10.1,195675,57420,394,15740,101308,178219,57420_20230331
0.6677246257917882,20230630,8.48,198620,57420,662,15660,103969,180944,57420_20230630
0.4767823438383365,20230930,6.2,199337,57420,710,14205,105870,184392,57420_20230930
0.5062338216527176,20231231,6.45,199419,57420,1006,16932,106136,181782,57420_20231231
0.017923689890292083,20240331,0.21,202284,57420,9,16663,110864,181485,57420_20240331
0.06273379957712773,20240630,0.75,200843,57420,63,16904,108244,183296,57420_20240630
0.09762328672451986,20240930,1.13,200521,57420,147,19000,103525,180606,57420_20240930
0.08312726784707387,20241231,0.96,195402,57420,166,17400,100480,177042,57420_20241231
0.2148949029615204,20250331,2.32,191764,57420,104,18466,98005,172214,57420_20250331
0.24156843229344865,20250630,2.54,191552,57420,233,19224,93807,171107,57420_20250630
0.24999375,20250930,2.55,189282,57420,360,20150,88814,168041,57420_20250930
0.2772125055729633,20251231,2.77,189749,57420,531,20492,85968,165175,57420_20251231
0.4491266542436406,20260331,4.18,189654,57420,213,20287,83024,168152,57420_20260331
0.38851077906264736,20260630,3.61,188921,57420,368,20401,81260,167279,57420_20260630
1.126024134779072,20210331,11.34,1968212,57614,5371,192358,1708503,1501134,57614_20210331
1.3368209600229013,20210630,10.11,2464967,57614,13994,451318,1925836,1731980,57614_20210630
1.2110640137961879,20210930,8.73,3020249,57614,21121,459681,2636074,2370320,57614_20210930
1.1950677640225982,20211231,8.84,4678422,57614,33413,599562,3348533,3849804,57614_20211231
1.583763304748692,20220331,13.14,5445313,57614,20042,620697,3895662,4614652,57614_20220331
1.3293561316098792,20220630,11.86,6440675,57614,36700,637110,4531922,5662883,57614_20220630
1.598875281418984,20220930,14.51,6373808,57614,68768,670082,4999240,5572464,57614_20220930
1.539582127541011,20221231,14.03,6506460,57614,90665,703306,5023713,5689931,57614_20221231
1.5184352420269118,20230331,14.01,6423693,57614,24542,697650,4821414,5620386,57614_20230331
1.185800725587315,20230630,10.97,6612085,57614,38622,711780,4574001,5694472,57614_20230630
1.2615805246233889,20230930,11.67,6785982,57614,62280,733646,4566215,5470488,57614_20230930
1.151142293502773,20231231,10.6,6817552,57614,76311,752023,4414675,5913524,57614_20231231
1.111697133711251,20240331,9.99,6866031,57614,19015,770618,4023007,5423273,57614_20240331
0.8402951446052612,20240630,7.55,7002006,57614,28970,780436,3845389,5593845,57614_20240630
0.8034404023355599,20240930,7.21,7156643,57614,41944,801103,3923502,5920530,57614_20240930
0.7833024307513539,20241231,7.02,7243833,57614,54966,812411,4281441,5636747,57614_20241231
0.6733330585128767,20250331,5.97,7286866,57614,12230,827225,4458511,5827429,57614_20250331
0.8595990107693552,20250630,7.58,7383705,57614,31396,846205,4811572,6012464,57614_20250630
1.1841948858106153,20250930,10.4,7692595,57614,65740,885432,5354961,6531017,57614_20250930
1.3460393326093005,20251231,11.76,7907878,57614,100993,923028,5596349,6801160,57614_20251231
0.7029310101656533,20260331,6.12,8250749,57614,14198,933686,5772976,7159909,57614_20260331
0.6162915457404338,20260630,5.25,8480361,57614,25308,1035628,6047078,7325126,57614_20260630
1.3317440431883791,20210331,12.54,1743427,57742,5638,181910,1299169,1543438,57742_20210331
1.555935724419272,20210630,14.12,1707975,57742,13212,201866,1256436,1482992,57742_20210630
1.4551598629369609,20210930,12.8,1656534,57742,18421,206192,1246330,1432064,57742_20210930
1.4086688891656627,20211231,12.03,1647008,57742,23661,215859,1341760,1412340,57742_20211231
1.3586117023739945,20220331,10.24,1764710,57742,5794,236931,1413237,1458860,57742_20220331
1.4252134621934065,20220630,10.72,1794239,57742,12366,239621,1416874,1520556,57742_20220630
1.5669521085458482,20220930,11.82,1859813,57742,20760,243910,1448072,1572377,57742_20220930
1.6036281126675274,20221231,12.01,1924469,57742,28834,263912,1579950,1517966,57742_20221231
1.7616724121979572,20230331,13.11,2053115,57742,8759,270563,1617275,1637250,57742_20230331
1.658962748276049,20230630,12.12,1947323,57742,16382,276212,1637484,1599142,57742_20230630
1.5702265330289173,20230930,11.44,2019056,57742,23389,279464,1681444,1688723,57742_20230930
1.4516655181394782,20231231,10.51,2031131,57742,28961,287075,1705137,1689743,57742_20231231
0.7715284149698378,20240331,5.49,2066709,57742,3952,289273,1727110,1736940,57742_20240331
0.6829128818703675,20240630,4.87,2085672,57742,7038,289972,1778839,1757600,57742_20240630
0.5054234928280813,20240930,3.67,2216890,57742,7961,291264,1775558,1894943,57742_20240930
-0.3545211426899106,20241231,-2.64,2219557,57742,-7530,269136,1810556,1913149,57742_20241231
0.5461729352287403,20250331,4.48,2217133,57742,3029,271208,1811788,1913810,57742_20250331
0.743782486247724,20250630,5.97,2108772,57742,8114,274890,1767432,1803702,57742_20250630
0.8098049462027387,20250930,6.42,2121429,57742,13160,278641,1788243,1817041,57742_20250930
0.8182743243179875,20251231,6.47,2209046,57742,17799,282643,1841833,1902250,57742_20251231
0.8459582533869824,20260331,6.71,2220487,57742,4684,275721,1850962,1921378,57742_20260331
0.9032808376514878,20260630,7.19,2238825,57742,10039,279236,1928372,1938183,57742_20260630
0.7385745942510864,20210331,6.7,194911590,57890,362725,21456397,61365051,161766289,57890_20210331
0.5972350104318238,20210630,5.4,194764172,57890,584948,21709657,58050995,162113152,57890_20210630
0.5115487977398361,20210930,4.64,199612806,57890,755131,21767876,58661493,166017374,57890_20210930
0.4169696448319587,20211231,3.79,187956756,57890,813279,20618016,58512624,156006270,57890_20211231
0.5070183944880546,20220331,4.57,174720421,57890,229855,19642171,57049157,141900143,57890_20220331
0.4389881210473208,20220630,3.93,168924907,57890,388945,19165626,59688835,139275125,57890_20220630
0.47574634805708216,20220930,4.31,166764938,57890,622976,17689329,59457600,136452483,57890_20220930
0.47840067073886244,20221231,4.43,162436537,57890,823618,15885717,56994916,136884172,57890_20221231
0.8091533241477542,20230331,8.17,164491861,57890,330669,16505538,57614679,137933667,57890_20230331
0.7240773372460203,20230630,7.43,165204668,57890,593904,15593907,56504047,138205341,57890_20230630
0.7322427680931164,20230930,7.53,161303825,57890,897162,15591325,54672715,133948108,57890_20230930
0.5170664634782878,20231231,5.35,165171605,57890,846550,15470760,55713160,135441104,57890_20231231
0.8109825340639617,20240331,8.55,163070236,57890,332748,15662652,55706105,136582346,57890_20240331
0.7600019315825632,20240630,7.88,159047710,57890,617235,15846485,56602556,131936365,57890_20240630
0.6893925196351625,20240930,7.13,163225565,57890,840884,15877542,57672807,136145143,57890_20240930
0.8017737598179614,20241231,8.32,164819624,57890,1307428,15733589,56625039,137635432,57890_20241231
0.7127973934214584,20250331,7.41,166236581,57890,294970,16100625,57079939,139393219,57890_20250331
0.7871533809176313,20250630,8.17,169752417,57890,657022,16405374,57385830,140806601,57890_20250630
0.9071270810867121,20250930,9.3,162239855,57890,1127783,16454465,56900025,135104784,57890_20250930
0.917536070640927,20251231,9.39,165262283,57890,1520010,16200640,53954351,137520133,57890_20251231
0.8877639405802831,20260331,9.06,167705510,57890,369496,16439241,55167094,135520708,57890_20260331
0.9752119390042708,20260630,10.02,173101278,57890,822541,16602261,54989058,141192598,57890_20260630
1.337308554427499,20210331,9.53,3332321,57968,10736,455320,2356636,2726687,57968_20210331
1.3645305763676698,20210630,9.79,3396749,57968,22331,467892,2255090,2787768,57968_20210630
1.1063257181877506,20210930,7.97,3452990,57968,27532,473012,2284198,2838201,57968_20210930
1.0807031584889553,20211231,7.77,3400750,57968,36037,477763,2308774,2788485,57968_20211231
0.6904722777769127,20220331,4.8,3213853,57968,5709,472906,2362138,2706925,57968_20220331
0.7070888573168999,20220630,4.9,3230270,57968,11602,470328,2612485,2700514,57968_20220630
0.6412974288746889,20220930,4.49,3348883,57968,15865,465057,2714319,2719594,57968_20220930
0.5800725442854469,20221231,4.15,3559321,57968,19436,455238,2937719,2744963,57968_20221231
1.0129836137804376,20230331,8.53,4211782,57968,9840,467452,3060013,3685115,57968_20230331
0.48660227246150306,20230630,4.08,3858929,57968,9432,464437,3208435,3330733,57968_20230630
0.17160601438926532,20230930,1.44,3831355,57968,4975,455591,3202692,3301504,57968_20230930
-0.02063298049124512,20231231,-0.17,3852352,57968,-797,438514,3223396,3322479,57968_20231231
0.4597460353176304,20240331,4.04,3880613,57968,4444,441120,3244926,3354363,57968_20240331
0.5102627434796624,20240630,4.5,3956307,57968,9941,447081,3342382,3369002,57968_20240630
0.44856592947503926,20240930,3.95,4016685,57968,13210,456356,3380313,3333029,57968_20240930
-0.20143796270441888,20241231,-1.78,3679664,57968,-7810,411249,3079830,3211839,57968_20241231
0.5486967703086338,20250331,4.85,3667199,57968,5039,419901,3072766,3190665,57968_20250331
0.15325659532817804,20250630,1.37,3834385,57968,2856,419394,3210655,3359880,57968_20250630
0.383149033925899,20250930,3.45,3939383,57968,10863,428747,3357340,3371426,57968_20250930
1.1302902969600097,20251231,10.08,4029759,57968,43291,468103,3403366,3431464,57968_20251231
0.9470368573237887,20260331,8.33,4238557,57968,9788,472108,3572665,3431394,57968_20260331
1.0235341129248057,20260630,9.1,4336833,57968,21503,478156,3652012,3455967,57968_20260630
1.1473429796540346,20210331,10.64,2008343,58243,5582,211349,1586402,1763225,58243_20210331
1.2190183381619932,20210630,11.39,2063981,58243,12101,218108,1547731,1816932,58243_20210630
1.2848103675896294,20210930,11.98,2093443,58243,19392,225572,1582671,1838688,58243_20210930
1.349156558943686,20211231,12.56,2147194,58243,27514,232058,1646437,1883144,58243_20211231
1.5125199806292577,20220331,14.43,2247062,58243,8308,228626,1611229,1986483,58243_20220331
1.5125707680560845,20220630,14.72,2313926,58243,16911,228560,1672621,2072641,58243_20220630
1.5100689091587836,20220930,14.91,2303102,58243,25515,223310,1705082,2066933,58243_20220930
1.5003907822583797,20221231,14.86,2345424,58243,34079,234263,1769300,2071328,58243_20221231
1.1415980881896455,20230331,11.24,2348347,58243,6698,242367,1749653,2091346,58243_20230331
0.9863845751400462,20230630,9.7,2359259,58243,11595,240914,1749172,2052295,58243_20230630
0.10970374648302239,20230930,1.07,2295551,58243,1923,242976,1800096,1983742,58243_20230930
0.29172278767033916,20231231,2.79,2239475,58243,6761,249666,1840424,1911474,58243_20231231
0.8199795138813841,20240331,7.31,2248442,58243,4600,253996,1807260,1905728,58243_20240331
0.7949833168100462,20240630,7.04,2266187,58243,8949,258576,1808754,1917653,58243_20240630
0.8018237692044242,20240930,7.06,2271095,58243,13569,263168,1824117,1940196,58243_20240930
0.8372790571589314,20241231,7.31,2231502,58243,18850,264671,1853458,1898800,58243_20241231
0.9458782037380055,20250331,7.94,2268866,58243,5321,271507,1851646,1927714,58243_20250331
0.9582991166363736,20250630,7.98,2264117,58243,10804,276518,1897617,1902834,58243_20250630
0.9785930414166797,20250930,8.12,2320985,58243,16671,281741,1918394,1971492,58243_20250930
1.0088974133731121,20251231,8.36,2328971,58243,23032,283047,1955555,1979537,58243_20251231
1.123814813413348,20260331,9.22,2348668,58243,6571,287307,1953760,1992852,58243_20260331
1.1918357218049438,20260630,9.75,2398504,58243,14056,294698,1994743,1996957,58243_20260630
0.8631071497362496,20210331,8.34,872005,58504,1798,87149,708720,664256,58504_20210331
0.6517081979951573,20210630,6.23,827524,58504,2709,88295,654139,678190,58504_20210630
0.7711878584435999,20210930,7.26,815037,58504,4785,90612,630051,716518,58504_20210930
0.790407170023998,20211231,7.39,837499,58504,6555,92369,656912,737417,58504_20211231
0.5495489561920741,20220331,5.2,893375,58504,1189,90545,669406,791244,58504_20220331
1.0514538038393892,20220630,10.18,941426,58504,4683,93220,731274,811559,58504_20220630
0.9143926691598285,20220930,8.57,971266,58504,6247,112510,801169,816693,58504_20220930
0.8376081906122851,20221231,7.78,1031054,58504,7831,114551,882473,833673,58504_20221231
0.5404245421337389,20230331,4.95,1079879,58504,1426,115880,922126,870347,58504_20230331
0.5539460345773115,20230630,4.9,1138481,58504,3000,136953,964807,892894,58504_20230630
0.6073399278294396,20230930,5.37,1205311,58504,5073,136817,986719,959323,58504_20230930
0.5886836212931316,20231231,5.2,1243582,58504,6709,140866,1032894,993661,58504_20231231
0.3923077697972176,20240331,3.43,1238143,58504,1217,143227,1039982,991654,58504_20240331
0.133488494077037,20240630,1.19,1338829,58504,850,143058,1101560,1090705,58504_20240630
0.25723564766686946,20240930,2.32,1346045,58504,2492,146458,1148030,1095672,58504_20240930
0.3896854995323927,20241231,3.54,1384838,58504,5106,148398,1171836,1132623,58504_20241231
0.6520013546793235,20250331,6.14,1440923,58504,2303,151752,1215387,1184612,58504_20250331
0.6188078654883206,20250630,5.87,1488987,58504,4450,154555,1252252,1228782,58504_20250630
0.6621687312165679,20250930,6.3,1509201,58504,7231,157911,1258527,1244672,58504_20250930
0.7124193416470446,20251231,6.64,1609875,58504,10592,184962,1335678,1317758,58504_20251231
1.0660829006369876,20260331,9.2,1620643,58504,4305,189279,1319168,1323395,58504_20260331
0.782902217805116,20260630,6.95,1795397,58504,6558,191562,1355979,1495735,58504_20260630
0.6022635636183182,20210331,7.83,379787,58563,534,27563,296821,300987,58563_20210331
0.6193638860214635,20210630,8.1,368879,58563,1113,27857,308045,324046,58563_20210630
0.6424822098952205,20210930,8.34,385251,58563,1763,30286,289022,347739,58563_20210930
0.6205863586133729,20211231,7.92,395272,58563,2307,32977,294044,356081,58563_20211231
0.8350847197506922,20220331,10.38,393151,58563,823,30455,299352,361668,58563_20220331
0.8351824586572965,20220630,10.9,406286,58563,1663,28108,321061,377372,58563_20220630
0.8658533980835684,20220930,11.59,415993,58563,2615,28788,338179,385897,58563_20220930
0.8200716496478444,20221231,11.22,440948,58563,3365,29568,352366,409652,58563_20221231
0.8791414759535839,20230331,12.88,455381,58563,985,31607,368654,421916,58563_20230331
0.8557414686749922,20230630,12.44,454780,58563,1927,31759,381150,420956,58563_20230630
0.8382758296137419,20230930,12.21,455093,58563,2839,31085,382582,422096,58563_20230930
0.7467282322131532,20231231,10.79,470396,58563,3400,33563,383091,434953,58563_20231231
0.6164412964155398,20240331,8.52,461404,58563,718,33863,384334,425794,58563_20240331
0.5855527845977708,20240630,8.03,464829,58563,1363,34369,389806,428862,58563_20240630
0.6104201452245522,20240930,8.3,472201,58563,2139,35647,397892,434740,58563_20240930
0.5895008057007045,20241231,8.06,483160,58563,2773,34639,411405,433773,58563_20241231
0.7921148566542149,20250331,11.0,494476,58563,968,35787,426168,446268,58563_20250331
0.8735159931595543,20250630,12.11,501215,58563,2153,36247,433853,446790,58563_20250630
0.9403969463188963,20250930,12.83,507211,58563,3502,38915,440518,456003,58563_20250930
0.9477980751915804,20251231,12.75,512888,58563,4737,40215,440473,465073,58563_20251231
1.1921774212649714,20260331,14.79,500384,58563,1510,41482,438844,456740,58563_20260331
1.2216804381557607,20260630,15.01,524446,58563,3131,43496,455850,448410,58563_20260630
0.09518904152458942,20210331,1.17,959041,58595,219,70121,345546,886544,58595_20210331
0.09557187191956422,20210630,1.22,990829,58595,451,72421,310655,915795,58595_20210630
0.8221620375254696,20210930,10.83,1102218,58595,6064,76559,286455,1021893,58595_20210930
0.7015093320734376,20211231,9.68,1218154,58595,7228,74497,280260,1140876,58595_20211231
0.2768731472190798,20220331,5.2,1362089,58595,893,62961,274122,1296772,58595_20220331
0.3882033351020167,20220630,7.39,1388811,58595,2568,71124,283786,1315092,58595_20220630
0.6085445143885737,20220930,11.64,1343599,58595,6062,69283,294701,1270781,58595_20220930
0.6969517779049104,20221231,12.57,1030684,58595,8842,73726,315711,953051,58595_20221231
0.4492696483349521,20230331,6.17,1049136,58595,1168,77672,314089,967961,58595_20230331
0.5462057286712018,20230630,7.55,1094808,58595,2890,78153,309850,1013526,58595_20230630
0.7201244159765648,20230930,10.05,1151183,58595,5841,80269,306529,1066775,58595_20230930
0.8335724396236276,20231231,11.58,1205202,58595,9221,88291,299825,1112069,58595_20231231
1.4009175173320902,20240331,18.88,1233771,58595,4271,92646,301614,1135877,58595_20240331
1.6155326292719534,20240630,21.84,1412017,58595,10369,103922,300968,1303526,58595_20240630
1.8622389489535647,20240930,25.16,1555127,58595,18877,115233,295826,1433889,58595_20240930
1.7112659886729442,20241231,22.45,1401124,58595,23298,118789,309089,1275694,58595_20241231
1.5489110018782721,20250331,18.83,1726751,58595,6056,138497,297526,1581591,58595_20250331
1.4939188998584936,20250630,17.0,1445064,58595,11386,144685,283620,1294664,58595_20250630
1.4362663324580769,20250930,15.86,1534225,58595,16447,151192,279974,1376487,58595_20250930
1.4259651784254121,20251231,15.76,1750321,58595,22409,157933,270663,1584614,58595_20251231
1.7882467097955896,20260331,20.06,1918524,58595,8201,169118,269766,1741419,58595_20260331
1.863655744241529,20260630,21.61,2192216,58595,18205,178381,270571,2006523,58595_20260630
0.9514828584431305,20210331,9.57,4142130,58596,9897,387582,2897163,3691828,58596_20210331
0.7735190293397118,20210630,7.85,4120513,58596,16040,398221,2816646,3660227,58596_20210630
0.8798286752648783,20210930,8.95,4133700,58596,27345,404842,2789752,3667138,58596_20210930
0.8059891692941837,20211231,8.21,4133175,58596,33382,402190,2716418,3703618,58596_20211231
0.9573046626449502,20220331,10.44,4122504,58596,9879,354593,2797824,3732797,58596_20220331
1.033780988405531,20220630,11.74,4122378,58596,21327,332951,2899915,3753682,58596_20220630
1.169592892037548,20220930,13.76,4113195,58596,36166,312467,2938698,3727164,58596_20220930
1.2623077238337386,20221231,15.15,4199820,58596,52237,321732,3055061,3632532,58596_20221231
1.5331087951194713,20230331,19.55,4360564,58596,16405,349722,3154568,3533580,58596_20230331
1.0550733643012569,20230630,13.51,4378811,58596,22753,338949,3236471,3577534,58596_20230630
0.822407207117666,20230930,10.7,4446729,58596,26810,325275,3316466,3556247,58596_20230930
0.5810197475465428,20231231,7.56,4509201,58596,25443,347429,3408858,3722544,58596_20231231
0.5634833726272191,20240331,7.26,4551581,58596,6382,355454,3412535,3830920,58596_20240331
0.5246949691713008,20240630,6.71,4528828,58596,11884,360419,3452835,3881771,58596_20240630
0.5312651826717546,20240930,6.69,4609509,58596,18129,382992,3515342,4085126,58596_20240930
0.5907207782478221,20241231,7.4,4652625,58596,26998,377395,3549226,4153774,58596_20241231
0.8171883460998505,20250331,9.9,4693568,58596,9547,394340,3613977,4201633,58596_20250331
0.7997365500429621,20250630,9.69,4780209,58596,18829,394745,3676344,4229503,58596_20250630
0.7020742262084908,20250930,8.48,4836361,58596,24963,404226,3762369,4215694,58596_20250930
0.7193055127339141,20251231,8.7,4831021,58596,34230,397632,3808408,4212234,58596_20251231
7.125861321680982,20260331,77.85,4778484,58596,85595,482010,3676299,4237075,58596_20260331
3.663495451276428,20260630,37.13,4797064,58596,87964,541852,3679891,4197560,58596_20260630
0.7061060064273752,20210331,6.04,221787,58658,390,25946,171342,173089,58658_20210331
0.9614117291638592,20210630,8.19,233397,58658,1082,27617,173798,191371,58658_20210630
1.1436329039844788,20210930,9.59,235502,58658,1953,29390,172668,192413,58658_20210930
1.213725364578351,20211231,10.02,228708,58658,2766,29421,163775,189652,58658_20211231
0.705659201092976,20220331,5.47,223635,58658,399,28960,162839,186178,58658_20220331
0.7444937585889333,20220630,4.2,244775,58658,865,65168,182959,171699,58658_20220630
0.7198029678001202,20220930,3.66,260898,58658,1293,64897,205727,168743,58658_20220930
0.6983245930389828,20221231,3.37,265627,58658,1709,65141,213615,178136,58658_20221231
0.14651275352406154,20230331,0.6,269480,58658,98,65325,214891,178875,58658_20230331
0.11197424592343762,20230630,0.47,279366,58658,152,65145,224251,182351,58658_20230630
0.48222831833994884,20230930,2.05,294794,58658,1003,65694,239079,184105,58658_20230930
0.5789437422754774,20231231,2.51,313151,58658,1647,66507,255695,211100,58658_20231231
0.824055598475118,20240331,3.9,319816,58658,652,67104,258291,217348,58658_20240331
0.6381759647821412,20240630,3.01,314734,58658,1008,67522,256176,204814,58658_20240630
0.8256517463190602,20240930,3.9,327381,58658,1974,68911,267503,226570,58658_20240930
0.9653006509965263,20241231,4.59,337369,58658,3113,68953,261259,236311,58658_20241231
0.9508904928802223,20250331,4.61,334843,58658,799,69792,275447,232475,58658_20250331
1.0317932111949863,20250630,4.95,332059,58658,1727,70604,270590,233788,58658_20250630
1.209117595227455,20250930,5.78,340588,58658,3049,72144,273459,240130,58658_20250930
1.1446620730167678,20251231,5.46,343849,58658,3866,72344,275733,244201,58658_20251231
1.2458292151595238,20260331,5.9,345170,58658,1073,73267,287848,239394,58658_20260331
1.2562298795755336,20260630,5.99,359356,58658,2195,74147,293551,259304,58658_20260630
1.1359000786301408,20210331,13.0,520319,5867,1441,44948,310936,474128,5867_20210331
1.1698308366006034,20210630,13.84,582276,5867,3114,46360,299383,535076,5867_20210630
1.1274612455153301,20210930,13.85,651618,5867,4754,48036,288970,602713,5867_20210930
1.078683536412049,20211231,13.37,625565,5867,6201,48753,299808,575431,5867_20211231
1.1574104076210225,20220331,14.5,608915,5867,1786,49774,324312,557901,5867_20220331
1.2319987124712823,20220630,15.51,641983,5867,3853,50504,325237,590676,5867_20220630
1.282728169615926,20220930,16.19,669713,5867,6124,52749,328385,615828,5867_20220930
1.2957942041912665,20221231,16.01,619836,5867,8205,54525,352034,563947,5867_20221231
1.129250967236296,20230331,12.31,585919,5867,1702,56125,372875,517392,5867_20230331
1.074310860315068,20230630,11.74,629468,5867,3286,57337,393544,570544,5867_20230630
1.120020052887885,20230930,12.28,654194,5867,5228,59061,396183,593202,5867_20230930
1.0701163227209847,20231231,11.59,621927,5867,6659,60204,409779,554155,5867_20231231
0.7964813426029147,20240331,8.08,611498,5867,1228,61374,424906,545379,5867_20240331
0.8276287328801769,20240630,8.4,634804,5867,2577,62547,435757,570366,5867_20240630
0.9639863337713535,20240930,9.87,681121,5867,4608,64957,443065,613905,5867_20240930
0.9850931200622578,20241231,10.04,657961,5867,6319,65588,445293,589683,5867_20241231
0.9441848729788637,20250331,9.35,657883,5867,1553,67333,469912,587953,5867_20250331
1.0482126095741127,20250630,10.44,695580,5867,3514,68960,489696,624583,5867_20250630
1.1862203705544865,20250930,11.89,724368,5867,6085,71106,483272,651040,5867_20250930
1.2204584563756613,20251231,12.02,667847,5867,8308,72555,492609,592567,5867_20251231
1.3295985397890187,20260331,11.99,661276,5867,2209,74807,512658,583270,5867_20260331
1.370093118112975,20260630,12.4,694973,5867,4622,76365,519857,616450,5867_20260630
1.3663537286916168,20210331,11.22,1880297,58696,6317,227771,1432491,1602241,58696_20210331
1.308440325515627,20210630,10.84,1971048,58696,12364,234010,1459919,1686493,58696_20210630
1.265274365522308,20210930,10.64,1993739,58696,18181,227380,1454722,1715858,58696_20210930
1.2775055887066802,20211231,11.1,2198015,58696,25196,223043,1490021,1885651,58696_20211231
1.330278163928486,20220331,13.07,2084999,58696,7122,213001,1498712,1821029,58696_20220331
1.2814088784262454,20220630,13.06,2300833,58696,14061,209963,1649275,1928274,58696_20220630
1.3265275631311535,20220930,13.65,2199970,58696,21848,207366,1699160,1890359,58696_20220930
1.1950187099570058,20221231,12.45,2338603,58696,26583,214382,1824394,1830693,58696_20221231
0.2007751630016656,20230331,2.18,2343251,58696,1175,216001,1809065,1911290,58696_20230331
0.5110731810359943,20230630,5.49,2338667,58696,5980,222676,1884372,2088689,58696_20230630
0.602252279558621,20230930,6.41,2299814,58696,10525,223149,1830664,1996515,58696_20230930
0.18941848698354236,20231231,1.97,2183294,58696,4358,227657,1809693,1845377,58696_20231231
0.30418746240370015,20240331,2.89,2177175,58696,1658,231024,1833828,1859503,58696_20240331
0.559588781293901,20240630,5.36,2293703,58696,6206,235891,1867721,1971416,58696_20240630
0.6725273077531272,20240930,6.43,2287794,58696,11276,240391,1855879,1963418,58696_20240930
0.7406541967949856,20241231,6.99,2193460,58696,16495,245064,1852106,1871780,58696_20241231
1.0001885401460677,20250331,8.91,2235305,58696,5537,251979,1863712,1908034,58696_20250331
1.0421953564617057,20250630,9.22,2232750,58696,11571,255609,1851033,1905353,58696_20250630
1.0410240701242695,20250930,9.21,2314550,58696,17521,262110,1840478,1980036,58696_20250930
1.0513307208389338,20251231,9.24,2287755,58696,23684,266740,1922396,1998445,58696_20251231
1.217315393462386,20260331,10.46,2330933,58696,7028,270641,1904157,2037228,58696_20260331
1.3679526489167904,20260630,11.69,2362694,58696,15917,279746,1880231,2058544,58696_20260630
0.5848389454995748,20210331,7.62,348659,5873,490,25478,200966,320264,5873_20210331
0.5790042977042278,20210630,7.7,367028,5873,1001,26588,208798,337434,5873_20210630
0.6273814607263427,20210930,8.46,372973,5873,1659,26500,217061,343793,5873_20210930
0.6409493426497304,20211231,8.73,379262,5873,2294,26924,218068,349659,5873_20211231
0.5374052112803421,20220331,8.54,394828,5873,520,21790,221334,370634,5873_20220331
0.5651542474317529,20220630,9.91,405411,5873,1111,18526,225197,384320,5873_20220630
0.6656715092005663,20220930,13.11,432465,5873,2012,14616,238912,415254,5873_20220930
0.7119313125487836,20221231,14.57,399464,5873,2864,16426,251414,380348,5873_20221231
0.7949563443917615,20230331,18.24,406618,5873,801,18710,258604,385210,5873_20230331
0.7633631989120337,20230630,17.35,402779,5873,1538,18049,262417,382066,5873_20230630
0.7905790414154524,20230930,18.52,406792,5873,2395,15801,265326,388442,5873_20230930
0.9047040170436471,20231231,20.32,412082,5873,3669,21283,276646,388054,5873_20231231
0.7237346625766871,20240331,14.22,422478,5873,755,21200,287063,398523,5873_20240331
0.6857835350888661,20240630,13.65,442811,5873,1460,21690,293339,418066,5873_20240630
0.7335516617594395,20240930,14.26,459523,5873,2389,25153,299211,429932,5873_20240930
0.8541063992244089,20241231,16.38,438479,5873,3716,24082,308287,411199,5873_20241231
0.9806144942260765,20250331,17.23,443417,5873,1081,26112,313829,413587,5873_20250331
0.897044988775747,20250630,15.47,458505,5873,2004,27510,318019,424941,5873_20250630
0.9499534573433104,20250930,15.89,458379,5873,3204,29816,321220,425553,5873_20250930
0.9745533777567617,20251231,15.75,455586,5873,4394,31946,325132,417906,5873_20251231
1.1560493720412444,20260331,16.54,469634,5873,1337,32716,327090,433306,5873_20260331
1.113487870834271,20260630,15.86,483327,5873,2614,34217,339641,445859,5873_20260630
1.4273826611117737,20210331,11.21,749273,5874,2603,93329,453722,653722,5874_20210331
1.2244284584876937,20210630,10.02,836871,5874,4685,94729,455400,740076,5874_20210630
1.2267037197648496,20210930,10.44,911884,5874,7378,96377,443828,808127,5874_20210930
1.154296476367087,20211231,10.02,903080,5874,9490,96685,432868,803507,5874_20211231
1.0156014804583047,20220331,9.72,903928,5874,2294,92134,462303,806741,5874_20220331
1.0972427948125947,20220630,10.68,923837,5874,4994,91675,487182,827555,5874_20220630
1.2678521912584495,20220930,12.58,931320,5874,8706,88501,486343,839790,5874_20220930
1.288933240221812,20221231,12.77,904402,5874,11772,91886,510402,809107,5874_20221231
1.4859700810270675,20230331,14.22,889443,5874,3332,95553,543338,789138,5874_20230331
1.4884418958874652,20230630,14.03,884795,5874,6645,96781,556577,784435,5874_20230630
1.6080881138013585,20230930,15.1,898189,5874,10785,96810,551711,797630,5874_20230930
1.5228418371748196,20231231,13.92,851405,5874,13487,103254,572258,743314,5874_20231231
1.38861408819964,20240331,11.46,861958,5874,2974,104313,591828,753746,5874_20240331
1.3366777098531126,20240630,11.1,896391,5874,5814,106828,601304,785797,5874_20240630
1.4300651779185944,20240930,11.95,958479,5874,9568,112645,589541,841797,5874_20240930
1.4487392338213387,20241231,12.1,935338,5874,13049,112177,626194,818528,5874_20241231
1.5838874407224177,20250331,12.99,947119,5874,3727,117283,639393,824573,5874_20250331
1.5965948294922916,20250630,13.0,966857,5874,7582,120608,640737,841752,5874_20250630
1.6000877363559274,20250930,13.0,1012711,5874,11587,125225,638866,882329,5874_20250930
1.566565309169244,20251231,12.62,986161,5874,15190,126583,656365,854126,5874_20251231
1.551408072555302,20260331,12.09,993460,5874,3839,127398,685312,858715,5874_20260331
1.4856873780269004,20260630,11.61,1018991,5874,7425,129732,694870,881501,5874_20260630
1.0471885041973095,20210331,11.49,299750,58827,765,26963,238221,254290,58827_20210331
0.6546732312132163,20210630,7.28,313736,58827,980,27477,242841,270188,58827_20210630
0.696951852507466,20210930,7.86,327721,58827,1602,27906,244231,283720,58827_20210930
0.7861204858542868,20211231,9.0,345127,58827,2470,28632,248956,300311,58827_20211231
0.7219359806159086,20220331,8.09,379591,58827,654,36001,242610,327275,58827_20220331
0.7702703424551433,20220630,8.62,398524,58827,1442,35706,254897,346379,58827_20220630
0.728586655937909,20220930,8.44,447614,58827,2146,35285,266866,380429,58827_20220930
0.8613922263943726,20221231,10.41,497888,58827,3564,35526,271275,427685,58827_20221231
0.8871141454330138,20230331,11.97,537379,58827,1148,41203,277674,456949,58827_20230331
0.8753992445391268,20230630,11.68,555550,58827,2321,42454,289765,465095,58827_20230630
0.9008078253529821,20230930,12.11,592650,58827,3688,43266,294773,470285,58827_20230930
0.8667640795719964,20231231,11.59,599874,58827,4825,45743,300727,474443,58827_20231231
0.9713053140728153,20240331,12.87,624046,58827,1486,46652,302290,498647,58827_20240331
1.1279193205944797,20240630,14.85,629936,58827,3485,48401,313493,527966,58827_20240630
1.0769197459721214,20240930,14.21,676260,58827,5109,50902,319298,569697,58827_20240930
1.0475867360261295,20241231,13.87,694438,58827,6756,51870,317461,589018,58827_20241231
0.9078564935866503,20250331,12.41,731338,58827,1618,52395,324567,625061,58827_20250331
1.0139278654171742,20250630,13.49,773197,58827,3716,60989,331603,644606,58827_20250630
0.9952280471920878,20250930,13.12,842130,58827,5675,65387,338574,707282,58827_20250930
1.013487911503011,20251231,12.78,878036,58827,7944,80134,346671,714297,58827_20251231
0.9959091832013554,20260331,11.51,924538,58827,2244,75858,359210,720516,58827_20260331
0.9316251972940467,20260630,10.74,966136,58827,4299,84067,388054,692971,58827_20260630
0.7754422719577384,20210331,7.69,462318,5885,880,45959,297880,385370,5885_20210331
0.7098975522921359,20210630,7.17,489234,5885,1653,46694,295910,411874,5885_20210630
0.7350020130176907,20210930,7.51,493094,5885,2605,46829,290504,423438,5885_20210930
0.7860657649204912,20211231,8.14,498280,5885,3755,45684,287092,433175,5885_20211231
0.5529107638121095,20220331,6.11,510201,5885,697,45535,291915,461748,5885_20220331
0.7031331188247912,20220630,7.82,521528,5885,1793,46360,304163,472263,5885_20220630
0.8602810553178896,20220930,9.58,524462,5885,3314,46848,316493,474130,5885_20220930
0.9351001296755007,20221231,10.42,521189,5885,4817,46686,333540,448872,5885_20221231
1.0842532957321804,20230331,11.93,529488,5885,1424,48800,342228,451855,5885_20230331
1.1353839464431632,20230630,12.5,550015,5885,3029,49891,352416,453030,5885_20230630
0.9694096514328607,20230930,10.62,548191,5885,3906,50774,367546,449397,5885_20230930
1.0226188131561804,20231231,11.17,557404,5885,5535,51711,375493,436521,5885_20231231
0.990481699386662,20240331,10.59,562859,5885,1387,53092,374124,441778,5885_20240331
0.9796092716410474,20240630,10.35,565307,5885,2752,54680,369361,442165,5885_20240630
1.0640927909749447,20240930,11.08,572322,5885,4505,57297,370523,446816,5885_20240930
1.0980963727694806,20241231,11.33,560622,5885,6190,56326,368470,467503,5885_20241231
1.1192500311892921,20250331,10.95,561558,5885,1570,58425,369994,469245,5885_20250331
1.1515074649366936,20250630,11.03,549368,5885,3208,59798,372663,460893,5885_20250630
1.2547012437866893,20250930,11.81,551502,5885,5230,61621,381480,463511,5885_20250930
1.2679912813214922,20251231,11.83,552600,5885,7039,61373,385970,468296,5885_20251231
1.2976629032361708,20260331,11.38,536743,5885,1767,62899,388325,463080,5885_20260331
1.3495484400656816,20260630,11.73,547649,5885,3682,64138,392340,472566,5885_20260630
-0.08898974393201184,20210331,-0.74,121551,58857,-25,16827,77586,101955,58857_20210331
0.1607749122721999,20210630,1.28,126056,58857,94,17118,76548,106313,58857_20210630
0.004504268252771777,20210930,0.03,122812,58857,4,17085,72803,105590,58857_20210930
0.0993579306832319,20211231,0.76,125232,58857,119,16829,71034,108221,58857_20211231
0.03407959909998877,20220331,0.25,132987,58857,11,18485,72929,114244,58857_20220331
-0.0927735488924207,20220630,-0.69,136290,58857,-61,17757,70711,118340,58857_20220630
0.08552032208369365,20220930,0.64,129330,58857,84,16821,69721,112296,58857_20220930
0.19264483564842397,20221231,1.43,122428,58857,249,17234,73786,102689,58857_20221231
0.9753991904489637,20230331,7.43,141669,58857,322,17436,71409,117089,58857_20230331
0.7197776889163346,20230630,5.49,131025,58857,474,17098,72825,113743,58857_20230630
0.5736185019763685,20230930,4.34,122747,58857,557,16640,72383,105918,58857_20230930
0.21834454318720004,20231231,1.7,148509,58857,291,17230,71147,130828,58857_20231231
-1.0021246703992581,20240331,-8.52,140477,58857,-362,16759,71622,123438,58857_20240331
-1.4232038893223697,20240630,-11.8,127539,58857,-988,16251,71128,111031,58857_20240630
-1.5645454964424605,20240930,-13.26,147629,58857,-1655,16325,78478,130729,58857_20240930
-1.3974170070631171,20241231,-12.27,198682,58857,-2132,20308,88254,176889,58857_20241231
-1.0144555060396956,20250331,-8.33,213756,58857,-523,29924,96665,182385,58857_20250331
-1.0022836642934467,20250630,-7.95,220317,58857,-1057,29515,108788,188739,58857_20250630
-1.0725627127130675,20250930,-8.3,214043,58857,-1703,29639,124380,172593,58857_20250930
-1.348439253289809,20251231,-10.33,251138,58857,-2961,33958,144194,205340,58857_20251231
-0.48020748587597284,20260331,-3.77,278633,58857,-318,33531,168411,205556,58857_20260331
-0.39208408550267404,20260630,-3.46,359324,58857,-581,33231,183980,286424,58857_20260630
1.0233071376221834,20210331,10.95,182513,58859,466,17254,138367,164852,58859_20210331
1.1426213464600286,20210630,12.06,183379,58859,1043,17831,135516,165179,58859_20210630
1.1852860457624284,20210930,12.5,187981,58859,1635,17876,134678,168940,58859_20210930
1.1250785126731866,20211231,11.84,190933,58859,2085,18316,139361,172081,58859_20211231
0.7558614497610527,20220331,7.84,192206,58859,362,18631,145209,172811,58859_20220331
0.8389743589743589,20220630,8.76,201861,58859,818,19099,155745,182437,58859_20220630
0.9237764852775754,20220930,9.75,207091,58859,1372,18976,158896,186267,58859_20220930
1.2300055487471409,20221231,12.96,209937,58859,2465,20061,165831,176498,58859_20221231
0.7732032569993986,20230331,8.03,209099,58859,405,20293,162556,175304,58859_20230331
0.7192168952210014,20230630,7.4,208313,58859,752,20635,164587,174535,58859_20230630
0.7205996568487275,20230930,7.37,211931,58859,1134,21016,165324,177677,58859_20230930
1.0593542115974606,20231231,10.79,214192,58859,2232,21462,163402,179555,58859_20231231
0.6233095302716919,20240331,6.16,213204,58859,333,21818,164892,178118,58859_20240331
0.7083868882235682,20240630,7.02,222249,58859,767,22250,168727,186881,58859_20240630
0.7077287744698765,20240930,7.01,224491,58859,1160,22733,168744,188560,58859_20240930
0.7336035059868424,20241231,7.28,223187,58859,1610,22331,171000,187601,58859_20241231
0.776377981057815,20250331,7.66,221957,58859,432,22808,171160,185730,58859_20250331
0.8366487420377883,20250630,8.18,223954,58859,933,23296,176354,187549,58859_20250630
0.8835048704200179,20250930,8.57,226102,58859,1483,23862,179228,189085,58859_20250930
0.9547964797068922,20251231,9.22,224934,58859,2139,23647,176050,192127,58859_20251231
1.2247576000583218,20260331,11.61,227727,58859,693,24125,182115,194294,58859_20260331
1.2026872269189528,20260630,11.36,232804,58859,1374,24789,182834,198573,58859_20260630
-1.0027441879633747,20210331,-7.6,375854,59183,-882,46044,321841,297838,59183_20210331
-0.36439340555110483,20210630,-2.93,416000,59183,-680,46297,349877,338068,59183_20210630
-0.18445680698303668,20210930,-1.56,450307,59183,-543,46515,374727,371747,59183_20210930
-0.0791006116634571,20211231,-0.71,515975,59183,-330,46802,375134,436974,59183_20211231
0.18533569021064042,20220331,2.1,545882,59183,246,47012,395490,496941,59183_20220331
0.25122698016485456,20220630,2.87,550231,59183,675,47225,435231,501004,59183_20220630
0.2697978034169766,20220930,2.92,619651,59183,1129,64997,499501,501793,59183_20220930
0.34133640887163885,20221231,3.63,664231,59183,1977,66064,520248,537972,59183_20221231
0.2952369141766013,20230331,2.98,674355,59183,494,66767,533814,547528,59183_20230331
0.2897235663716427,20230630,2.98,717857,59183,993,67215,558971,581111,59183_20230630
0.2509799735086025,20230930,2.61,729367,59183,1311,67995,564287,580533,59183_20230930
0.2593944101758393,20231231,2.76,803319,59183,1862,69175,600767,647761,59183_20231231
0.26053694882009204,20240331,3.01,811807,59183,526,70806,634381,669692,59183_20240331
0.2595471608710393,20240630,2.97,832984,59183,1059,74304,654831,693142,59183_20240630
0.2086867433490596,20240930,2.37,912505,59183,1315,81226,730463,765131,59183_20240930
0.24183855875840246,20241231,2.76,941842,59183,2081,81407,753715,794108,59183_20241231
0.4166666666666667,20250331,4.46,997358,59183,1010,99710,762548,831677,59183_20250331
0.38602079762112407,20250630,4.06,1024889,59183,1907,100879,802883,858531,59183_20250630
0.45251086896245074,20250930,4.73,1057224,59183,3412,102998,848854,887765,59183_20250930
0.5139254813807043,20251231,5.47,1191505,59183,5358,104673,891000,1019877,59183_20251231
0.6065293546885746,20260331,6.78,1165512,59183,1787,106205,905873,993026,59183_20260331
0.6498224030173061,20260630,7.14,1143324,59183,3791,107712,939978,970378,59183_20260630
-3.4120527604454622,20210331,-11.79,94885,59193,-756,25138,46672,64255,59193_20210331
-2.942459904536208,20210630,-11.56,120660,59193,-1461,24552,58990,90585,59193_20210630
-2.801793456969022,20210930,-11.91,125804,59193,-2226,23886,74712,96406,59193_20210930
-2.438024705317014,20211231,-11.23,142314,59193,-2760,23179,99725,103195,59193_20211231
-1.0733253074493105,20220331,-7.23,162533,59193,-409,22059,108542,129144,59193_20220331
-0.9476661068902443,20220630,-6.87,175702,59193,-759,21044,128108,126317,59193_20220630
-0.6746964435551539,20220930,-4.22,216636,59193,-882,45053,148805,143240,59193_20220930
-0.37697214261541556,20221231,-2.25,236571,59193,-704,45409,178952,167760,59193_20221231
0.38590049339540455,20230331,2.04,244382,59193,232,45560,185914,170325,59193_20230331
0.36650771091500683,20230630,1.98,255730,59193,450,45580,197219,189465,59193_20230630
0.3692981784108388,20230930,2.06,281439,59193,705,45646,217805,214954,59193_20230930
0.510359414194817,20231231,2.9,285861,59193,1331,46932,226195,219741,59193_20231231
2.327761313589771,20240331,14.36,308358,59193,1729,49405,232823,238448,59193_20240331
1.1619318931180924,20240630,7.24,315645,59193,1762,49611,249967,244223,59193_20240630
0.8428072368537631,20240930,5.33,331670,59193,1962,50267,263560,259283,59193_20240930
0.6951651689659537,20241231,4.45,338666,59193,2197,50655,273076,267170,59193_20241231
0.13879566320435954,20250331,0.96,364526,59193,122,51016,302798,296971,59193_20250331
0.3025937803882451,20250630,2.13,373499,59193,543,51606,314450,305207,59193_20250630
0.3949537015173199,20250930,2.81,384372,59193,1082,52407,310940,320205,59193_20250930
0.5512809514696793,20251231,3.87,357429,59193,2005,53605,303223,292602,59193_20251231
0.49743711746004277,20260331,3.42,382363,59193,460,54092,316904,312101,59193_20260331
0.5409259626134456,20260630,3.82,406021,59193,1033,54636,333262,334655,59193_20260630
-6.957745377789938,20210630,-8.27,25583,59262,-890,21527,0,3412,59262_20210630
-4.810893450196019,20210930,-8.76,54511,59262,-1445,22436,7728,31371,59262_20210930
-4.432551118430081,20211231,-8.82,51072,59262,-1938,21966,20410,28431,59262_20211231
-3.5972367594724726,20220331,-9.88,68353,59262,-537,21497,33261,46074,59262_20220331
-2.6056754433474287,20220630,-8.11,81828,59262,-874,21176,35472,59961,59262_20220630
-1.8149956037666237,20220930,-6.23,88768,59262,-987,19911,41733,68164,59262_20220930
-1.370587480658615,20221231,-5.01,91932,59262,-1047,20009,42986,61156,59262_20221231
-0.7181142237465431,20230331,-3.44,100795,59262,-173,20281,43117,69692,59262_20230331
-0.325907618769563,20230630,-1.56,101835,59262,-160,21102,38950,71085,59262_20230630
-0.23947611617557785,20230930,-1.16,104076,59262,-179,21060,39731,66297,59262_20230930
-0.1791235952807437,20231231,-0.86,101017,59262,-179,21354,36312,68956,59262_20231231
-0.32135628833486973,20240331,-1.46,93160,59262,-78,21241,39948,57666,59262_20240331
-0.5605389040691753,20240630,-2.51,90549,59262,-266,21102,41270,53749,59262_20240630
-0.49513750013339164,20240930,-2.19,90110,59262,-348,21190,42337,54122,59262_20240930
-0.3100207756978159,20241231,-1.36,89649,59262,-288,21179,45753,56358,59262_20241231
-0.2339258719807563,20250331,-1.0,91605,59262,-53,21196,43324,55785,59262_20250331
-0.10668411544643745,20250630,-0.47,99950,59262,-50,21258,46865,63196,59262_20250630
-0.008422836987707615,20250930,-0.04,98706,59262,-6,21373,48119,59693,59262_20250930
0.07213136689985658,20251231,0.32,98384,59262,69,21471,49196,59396,59262_20251231
0.16404323402602028,20260331,0.71,86933,59262,38,21456,47367,64904,59262_20260331
0.2767937718034023,20260630,1.28,111655,59262,137,21360,47590,70634,59262_20260630
1.0022430491558136,20210331,11.45,1177866,6123,2882,100293,864258,1069709,6123_20210331
1.0135895960200272,20210630,11.7,1216368,6123,5941,103388,870344,1103530,6123_20210630
0.9928644445651623,20210930,11.52,1250961,6123,8876,106286,915774,1134876,6123_20210930
0.9261727100843036,20211231,10.84,1302913,6123,11245,107416,977809,1179975,6123_20211231
0.9882420266581797,20220331,11.63,1374164,6123,3307,120094,1012986,1243202,6123_20220331
1.1279752019012856,20220630,13.3,1402268,6123,7669,118483,1111392,1241973,6123_20220630
1.1622913946980895,20220930,13.89,1472767,6123,12100,118440,1191189,1263856,6123_20220930
1.0911817531867403,20221231,13.32,1616263,6123,15644,122768,1312718,1272297,6123_20221231
0.7025777760938854,20230331,9.29,1762153,6123,2967,132749,1386750,1396487,6123_20230331
0.6328915041473131,20230630,8.45,1776970,6123,5438,130776,1460029,1460284,6123_20230630
0.6217867625399953,20230930,8.41,1800737,6123,8110,127811,1429976,1500446,6123_20230930
0.6197033669088082,20231231,8.37,1824691,6123,10883,136130,1449854,1507447,6123_20231231
0.6501365403186967,20240331,8.62,1781936,6123,2931,135774,1426197,1474369,6123_20240331
0.7196444476072823,20240630,9.44,1789371,6123,6472,139369,1436979,1489111,6123_20240630
0.7515459629780699,20240930,9.82,1880554,6123,10254,145483,1471682,1546645,6123_20240930
0.9204659654550998,20241231,11.96,1866100,6123,16831,146852,1454683,1576665,6123_20241231
-1.4078253660001157,20250331,-15.32,1904254,6123,-6635,199729,1440155,1619576,6123_20250331
-0.09922280636204231,20250630,-1.04,2034763,6123,-960,204734,1425955,1770642,6123_20250630
0.3448522713437607,20250930,3.49,1932109,6123,5003,212408,1448597,1657058,6123_20250930
0.5041078765920645,20251231,4.95,1887698,6123,9704,217434,1462543,1607753,6123_20251231
0.8777672118625257,20260331,7.51,1838119,6123,4088,218318,1446747,1599582,6123_20260331
1.0201260003649844,20260630,8.64,1847024,6123,9475,222394,1487019,1603086,6123_20260630
1.2785762601321518,20210331,14.49,641084,6137,1980,55496,456297,577737,6137_20210331
1.1342630554091642,20210630,12.86,645341,6137,3562,56872,452382,581293,6137_20210630
1.1295098898251386,20210930,12.76,655108,6137,5378,58558,433387,590440,6137_20210930
1.0738058495335603,20211231,12.12,663766,6137,6879,59137,426311,598659,6137_20211231
0.9047836845746988,20220331,10.41,700538,6137,1543,59472,416819,635001,6137_20220331
0.9528581180043396,20220630,11.26,717433,6137,3306,57553,434052,656985,6137_20220630
1.0736437372543155,20220930,12.79,706952,6137,5614,57941,452290,645544,6137_20220930
1.113662650251712,20221231,12.99,715514,6137,7805,66393,482340,645720,6137_20221231
1.2830318478818648,20230331,13.59,714848,6137,2294,68657,507914,640369,6137_20230331
1.181426769636937,20230630,12.53,746836,6137,4287,70163,537047,658362,6137_20230630
1.1643424545940995,20230930,12.3,741916,6137,6373,71090,561168,651575,6137_20230930
1.1014441815904514,20231231,11.64,791015,6137,8173,74778,593256,691584,6137_20231231
0.917876882482385,20240331,9.69,802227,6137,1828,76169,606982,701400,6137_20240331
1.0105025078271432,20240630,10.53,794283,6137,4021,78274,629661,687913,6137_20240630
0.9962639666373002,20240930,10.28,817971,6137,5988,81358,651162,708771,6137_20240930
0.9769399367682945,20241231,10.1,859237,6137,7942,82510,671590,769386,6137_20241231
0.9481492476906547,20250331,9.77,865386,6137,2044,84803,686857,773216,6137_20250331
1.1977557018066303,20250630,12.26,886260,6137,5212,87788,702697,789387,6137_20250630
1.229934729315279,20250930,12.48,898809,6137,8094,90866,728312,778871,6137_20250930
1.2177582110746326,20251231,12.29,925507,6137,10802,93517,752105,825470,6137_20251231
1.3247890307811685,20260331,13.02,938035,6137,3086,96141,755521,834001,6137_20260331
1.7951080843011527,20260630,17.31,939409,6137,8386,101014,774328,821468,6137_20260630
0.6015057996691717,20210331,8.19,909102,6811,1330,64879,566986,836662,6811_20210331
0.5768158255509858,20210630,7.95,931448,6811,2596,66128,549413,857714,6811_20210630
0.6560212365166658,20210930,9.09,951481,6811,4492,67521,537726,875982,6811_20210930
0.5470488829165367,20211231,7.64,1014122,6811,5105,70698,548075,938112,6811_20211231
0.6009465994037884,20220331,8.93,1013346,6811,1523,65700,566189,941367,6811_20220331
0.7111905293723475,20220630,10.81,994507,6811,3582,62407,588015,925430,6811_20220630
0.811006342448426,20220930,12.64,997293,6811,6112,58989,619056,930675,6811_20220930
0.8831421212173467,20221231,13.64,968038,6811,8809,65174,628471,899269,6811_20221231
1.1477082568058448,20230331,16.72,992042,6811,2812,69376,621006,918651,6811_20230331
1.0216321799952992,20230630,14.8,1001064,6811,5042,69882,617731,926661,6811_20230630
1.0773310717039322,20230930,15.47,994706,6811,7991,71088,619120,918276,6811_20230930
1.04792235334972,20231231,14.8,1014461,6811,10417,76413,636288,932485,6811_20231231
0.8833462204350341,20240331,11.48,997887,6811,2222,78425,646419,914961,6811_20240331
0.9228072193161281,20240630,11.79,996081,6811,4627,80622,664742,910347,6811_20240630
0.9087954612129618,20240930,11.4,1013791,6811,6854,85211,673331,921392,6811_20240930
0.9715735739886847,20241231,12.09,1041730,6811,9840,86252,706024,950943,6811_20241231
0.9237652966137591,20250331,10.94,1035854,6811,2399,89219,714489,940721,6811_20250331
1.0130912988917808,20250630,11.8,1038226,6811,5261,92148,720494,939815,6811_20250630
1.0795774294477223,20250930,12.68,1028918,6811,8390,85393,724175,938064,6811_20250930
1.0817917936294206,20251231,12.8,1062836,6811,11267,87138,734128,971327,6811_20251231
1.1538139651661257,20260331,14.36,1087944,6811,3102,85642,735614,998523,6811_20260331
1.7550178209805232,20260630,21.85,1139443,6811,9624,91473,742626,1041696,6811_20260630
1.0008596669639458,20210331,7.85,285155,6813,700,35138,171975,245246,6813_20210331
1.0934145139094942,20210630,8.67,296515,6813,1560,36596,175927,255127,6813_20210630
1.1413546170964515,20210930,9.14,304663,6813,2484,36924,178522,264129,6813_20210930
1.118857015412585,20211231,9.06,318938,6813,3311,37781,185289,277743,6813_20211231
0.9671803880859219,20220331,8.64,307212,6813,757,32331,190768,271468,6813_20220331
0.9718756689233011,20220630,9.23,312859,6813,1521,28773,207708,267849,6813_20220630
1.032301581590801,20220930,10.33,311757,6813,2421,26143,213725,275430,6813_20220930
1.0236289817189053,20221231,10.5,316208,6813,3208,27798,214894,279177,6813_20221231
0.8933303050950111,20230331,9.92,317824,6813,708,29324,213991,281723,6813_20230331
0.9374382748627548,20230630,10.35,322831,6813,1495,29564,214837,289492,6813_20230630
0.9290479558680721,20230930,10.33,316954,6813,2219,27843,216228,285618,6813_20230930
0.8943317402534515,20231231,9.84,345269,6813,2896,32634,220695,308852,6813_20231231
0.721426899164983,20240331,7.75,346693,6813,624,31804,216161,311201,6813_20240331
0.7347352664236221,20240630,7.86,343513,6813,1268,32395,215393,307546,6813_20240630
0.7497775530693586,20240930,7.91,352991,6813,1952,34703,223593,314643,6813_20240930
0.7796578812955075,20241231,8.2,352041,6813,2714,34011,229474,308964,6813_20241231
0.7228569739653266,20250331,7.47,358473,6813,642,34765,229505,316777,6813_20250331
0.8281235052027072,20250630,8.6,366137,6813,1486,34952,235614,321894,6813_20250630
0.850860451354838,20250930,8.66,358096,6813,2289,37317,238375,316130,6813_20250930
0.9103497153699135,20251231,9.11,365660,6813,3278,38943,245921,317224,6813_20251231
0.704542639394224,20260331,6.72,369001,6813,647,38132,250488,323503,6813_20260331
0.9839089329807824,20260630,9.29,374588,6813,1819,40410,258283,313563,6813_20260630
1.1951581576933892,20210331,10.21,1551992,6821,4569,170182,771248,1362801,6821_20210331
1.194488561086514,20210630,10.43,1658323,6821,9390,182238,797339,1456655,6821_20210630
1.2836497982083024,20210930,11.25,1640883,6821,15302,184746,790031,1436952,6821_20210930
1.285090664458961,20211231,11.36,1699084,6821,20707,186634,796189,1497336,6821_20211231
1.1337589123593006,20220331,11.25,1718221,6821,4843,157652,811540,1545871,6821_20220331
1.2331066565518196,20220630,13.39,1726289,6821,10571,129486,841233,1581870,6821_20220630
1.3199548254890334,20220930,15.56,1695661,6821,16927,106418,844656,1573870,6821_20220930
1.3763109604154526,20221231,17.11,1674446,6821,23435,104777,844519,1558106,6821_20221231
1.1881367945024317,20230331,17.62,1651097,6821,4939,119431,846315,1522701,6821_20230331
1.1318052473577973,20230630,16.19,1622128,6821,9333,121618,835915,1491279,6821_20230630
1.029706185230272,20230930,14.78,1588658,6821,12620,109484,838876,1469207,6821_20230930
1.0271261193146728,20231231,14.46,1652052,6821,16821,126478,847958,1515589,6821_20231231
0.665313949513672,20240331,8.8,1685921,6821,2776,125917,854494,1549073,6821_20240331
0.5376395292174818,20240630,6.98,1806738,6821,4610,143949,978989,1648992,6821_20240630
0.5873866799732943,20240930,7.27,1781161,6821,7628,163082,991788,1605033,6821_20240930
0.6297784388959774,20241231,7.9,1808152,6821,11001,136592,978307,1661495,6821_20241231
0.7412386519807065,20250331,9.5,1832241,6821,3373,147554,993712,1674130,6821_20250331
0.6732043291436735,20250630,8.36,1802531,6821,6107,154051,1001347,1638894,6821_20250630
0.7980050920493275,20250930,9.58,1798954,6821,10836,164795,1006358,1572756,6821_20250930
0.9299856204738502,20251231,11.02,1821703,6821,16858,162028,989418,1646795,6821_20251231
1.1204343574649434,20260331,12.51,1826168,6821,5109,164583,986259,1651055,6821_20260331
0.5690134563598505,20260630,6.29,1832140,6821,5197,169192,1004938,1653196,6821_20260630
0.8387867338180465,20210331,8.74,906507,6861,1847,84329,692634,807310,6861_20210331
0.927832310778038,20210630,9.82,946656,6861,4188,86714,692036,846388,6861_20210630
0.9988841875232153,20210930,10.71,980042,6861,6908,88169,680567,878327,6861_20210930
1.0336573257834254,20211231,11.21,995564,6861,9683,88049,677855,898252,6861_20211231
0.9767000122836504,20220331,11.49,1007098,6861,2445,82213,691789,921184,6861_20220331
0.9386932227414895,20220630,11.46,1037948,6861,4757,78844,714584,953712,6861_20220630
0.998522375657505,20220930,12.58,1023427,6861,7609,73444,732824,945768,6861_20220930
1.0493945458748313,20221231,13.44,997453,6861,10623,72559,748624,920391,6861_20221231
1.1014725648617951,20230331,14.95,1018757,6861,2776,75958,757796,905528,6861_20230331
1.1162140812867423,20230630,14.97,1006866,6861,5624,76854,772514,903504,6861_20230630
1.022186567574271,20230930,13.78,1016790,6861,7743,74363,791066,908154,6861_20230930
0.979760594294362,20231231,13.03,1045560,6861,9965,82537,810965,928794,6861_20231231
0.8006272916739247,20240331,10.16,1049797,6861,2097,82511,819919,930540,6861_20240331
0.7634034755114282,20240630,9.68,1064178,6861,4020,84186,826744,948206,6861_20240630
0.6337573462885467,20240930,8.08,1206275,6861,5188,93341,945335,1086019,6861_20240930
0.7008481641915485,20241231,8.98,1217425,6861,7826,93298,976432,1092293,6861_20241231
1.18349714981998,20250331,15.51,1251191,6861,3652,95080,992172,1114490,6861_20250331
1.2117715868140397,20250630,15.81,1282586,6861,7576,99083,1019159,1140086,6861_20250630
1.2412865131681714,20250930,16.07,1306220,6861,11771,103180,1027892,1170240,6861_20250930
1.2860489747353654,20251231,16.4,1293036,6861,16334,107309,1049532,1178186,6861_20251231
1.4480597697351358,20260331,17.36,1309619,6861,4711,109838,1077365,1184610,6861_20260331
1.5059999801741775,20260630,17.83,1331608,6861,9875,115084,1099108,1180471,6861_20260630
1.6576949784021473,20210331,16.56,1237551,6862,5070,122038,641015,1055055,6862_20210331
1.4581827655400674,20210630,13.98,1291855,6862,9086,145032,629662,1086946,6862_20210630
1.3892542305219093,20210930,13.16,1326411,6862,13194,144585,644519,1109189,6862_20210930
1.1966016884242123,20211231,11.35,1383224,6862,15432,145335,691605,1128973,6862_20211231
1.2795772903651925,20220331,13.13,1342051,6862,4359,120234,710828,1163735,6862_20220331
1.282750473752861,20220630,14.1,1338025,6862,8687,104160,724002,1194225,6862_20220630
1.3206888606752054,20220930,15.5,1328095,6862,13351,89742,742589,1185844,6862_20220930
1.2765529794052728,20221231,15.43,1325130,6862,17148,96341,768679,1170946,6862_20221231
1.2175541021009746,20230331,15.89,1327401,6862,4037,106911,787417,1170014,6862_20230331
0.8622939707108779,20230630,11.13,1351208,6862,5754,106953,808890,1186127,6862_20230630
0.8734100633446228,20230930,11.4,1378249,6862,8814,102148,826696,1233580,6862_20230930
0.7352061928145585,20231231,9.51,1467111,6862,10071,116922,854986,1269168,6862_20231231
0.8438472496643636,20240331,10.54,1507835,6862,3138,121167,890295,1341065,6862_20240331
0.8631073240231537,20240630,10.74,1529013,6862,6479,124030,904697,1367429,6862_20240630
0.8350579056743045,20240930,10.3,1585686,6862,9535,131591,900287,1413403,6862_20240930
0.8378565013052085,20241231,10.23,1520250,6862,12752,129784,897545,1374677,6862_20241231
-1.0192698499632473,20250331,-11.31,1601985,6862,-3978,151486,925961,1438505,6862_20250331
0.00479881292522376,20250630,0.05,1628940,6862,38,154336,930171,1457492,6862_20250630
0.4746882696590907,20250930,5.06,1631521,6862,5681,163563,952107,1434009,6862_20250930
0.7958498493303626,20251231,8.3,1664048,6862,12808,172377,989130,1467004,6862_20251231
1.4931976453330933,20260331,14.48,1724117,6862,6324,176926,1062944,1464336,6862_20260331
1.7783599816785702,20260630,17.03,1724973,6862,15155,184614,1103544,1487780,6862_20260630
0.6959645858728427,20210331,6.47,395391,6863,678,42052,242364,349772,6863_20210331
0.6300295640869729,20210630,5.94,412975,6863,1252,42761,238491,366957,6863_20210630
0.7346612302695116,20210930,6.95,417810,6863,2218,43558,245631,371258,6863_20210930
0.6510483667433614,20211231,6.25,430420,6863,2657,42342,247362,385237,6863_20211231
0.7283549910361717,20220331,7.45,423010,6863,777,41149,254305,378945,6863_20220331
0.9463832696842669,20220630,9.78,433575,6863,2030,40990,270186,389919,6863_20220630
0.9065525070724381,20220930,9.49,431992,6863,2922,39722,286203,389502,6863_20220930
0.8752860542947658,20221231,9.36,463718,6863,3821,39991,305232,420998,6863_20221231
0.9300188708815214,20230331,10.59,467876,6863,1083,41788,316691,423188,6863_20230331
0.596199814677301,20230630,6.77,470285,6863,1393,41710,334883,425655,6863_20230630
0.4962866593983186,20230930,5.67,483006,6863,1754,41457,334441,437824,6863_20230930
0.37780715342925203,20231231,4.32,491989,6863,1796,42992,335908,445524,6863_20231231
0.41340228850630684,20240331,4.66,481397,6863,503,43413,346980,434513,6863_20240331
0.4263322188616306,20240630,4.72,469151,6863,1025,43864,354936,422458,6863_20240630
0.40850333454393684,20240930,4.47,476616,6863,1470,45260,362976,427961,6863_20240930
0.28333215191909344,20241231,3.1,493210,6863,1367,44607,363492,445573,6863_20241231
0.4592803855494808,20250331,4.97,482229,6863,560,45527,372592,433487,6863_20250331
0.26716577862975655,20250630,2.86,482083,6863,649,45886,380772,432965,6863_20250630
0.4226832716132351,20250930,4.48,484309,6863,1539,47103,374675,431869,6863_20250930
0.5173944139293555,20251231,5.5,517608,6863,2545,48254,393136,464324,6863_20251231
0.7662938837465746,20260331,8.14,518026,6863,992,49184,398781,465807,6863_20260331
2.2034307803817343,20260630,22.59,516491,6863,5700,53929,402873,459962,6863_20260630
0.8795605194201942,20210331,8.07,272746,6913,587,29153,182726,240079,6913_20210331
0.9760283418428328,20210630,9.08,281852,6913,1327,29513,180533,248840,6913_20210630
1.373896688583188,20210930,12.8,287066,6913,2841,30653,173540,252477,6913_20210930
1.1460391619188073,20211231,10.72,285875,6913,3183,30087,176680,252485,6913_20211231
0.7630706732451776,20220331,7.52,297033,6913,556,29033,178324,264704,6913_20220331
0.995387036008046,20220630,10.09,293535,6913,1454,27353,183769,262812,6913_20220630
1.4058791899524048,20220930,14.55,305611,6913,3116,27738,191767,273961,6913_20220930
0.9859097628120804,20221231,10.21,292726,6913,2908,28150,205698,260957,6913_20221231
0.9849933956057523,20230331,10.17,298547,6913,728,29103,208132,256064,6913_20230331
0.9306407954332271,20230630,9.57,304239,6913,1389,29833,218571,250695,6913_20230630
0.8695501781521706,20230930,9.0,315812,6913,1975,29977,227560,261861,6913_20230930
0.6494285941681247,20231231,6.7,321562,6913,1991,31451,237444,265846,6913_20231231
0.8103197995400728,20240331,8.67,357676,6913,688,32015,238342,273430,6913_20240331
0.7394660827117231,20240630,7.97,356915,6913,1277,32655,255762,271266,6913_20240630
0.722629990847729,20240930,7.77,362407,6913,1895,34013,256960,274876,6913_20240930
0.7897027126417263,20241231,8.36,344501,6913,2753,34551,260088,273858,6913_20241231
1.2584585033661464,20250331,12.42,350953,6913,1094,35937,258925,278770,6913_20250331
1.1836587717362264,20250630,11.39,337614,6913,2038,36861,264456,276605,6913_20250630
1.201542333810616,20250930,11.39,345570,6913,3106,38037,275522,282872,6913_20250930
1.173783425993359,20251231,11.03,354220,6913,4068,38994,287703,283317,6913_20251231
1.6210931779925164,20260331,14.68,362827,6913,1453,40194,282743,290427,6913_20260331
2.8059553997099633,20260630,24.9,371780,6913,5092,43515,287499,296199,6913_20260630
1.080859062412428,20210331,12.19,1026605,6917,2671,88126,630715,931880,6917_20210331
1.2677925046267429,20210630,14.23,1023545,6917,6340,92087,611882,929281,6917_20210630
1.1094663820067239,20210930,12.23,1354647,6917,9060,127830,816978,1220019,6917_20210930
1.005226795963967,20211231,11.13,1383368,6917,11537,122964,819408,1256207,6917_20211231
1.146302132490635,20220331,13.7,1415894,6917,4011,111232,830595,1301043,6917_20220331
1.1666322380277376,20220630,14.52,1412348,6917,8189,104148,873887,1304690,6917_20220630
1.2255476934306544,20220930,15.57,1380743,6917,12851,101856,900222,1275295,6917_20220930
1.282750683999637,20221231,16.21,1369639,6917,17861,110682,913076,1254049,6917_20221231
1.2041519614688876,20230331,14.71,1372872,6917,4128,113836,909250,1254794,6917_20230331
1.154347529869708,20230630,14.0,1374620,6917,7921,114880,921337,1255467,6917_20230630
1.0974971493104722,20230930,13.3,1365753,6917,11283,113003,943603,1248594,6917_20230930
0.7730559294954449,20231231,9.45,1419592,6917,10672,112317,957456,1252700,6917_20231231
0.9755488421461656,20240331,12.31,1447307,6917,3496,114856,960372,1276965,6917_20240331
0.8575737549040057,20240630,10.79,1457627,6917,6181,116506,977423,1284048,6917_20240630
0.7973829193995585,20240930,9.9,1451559,6917,8636,121396,982017,1272571,6917_20240930
0.5412206625337012,20241231,6.73,2011866,6917,8430,161652,1450604,1841001,6917_20241231
0.4457203480534093,20250331,5.51,2033720,6917,2254,165707,1435896,1859554,6917_20250331
0.7789256996029963,20250630,9.49,2041259,6917,7902,172414,1428251,1835759,6917_20250630
0.9199327378456299,20250930,10.96,2030647,6917,14002,181462,1418750,1840954,6917_20250930
0.9832458297714548,20251231,11.48,2038666,6917,19972,188393,1435026,1816064,6917_20251231
1.0781244114941941,20260331,11.7,2076629,6917,5546,190754,1449708,1853541,6917_20260331
1.1360186318172145,20260630,12.24,2073688,6917,11718,195454,1472455,1845115,6917_20260630
1.3021926915514461,20210331,11.5,526342,823,1659,57528,226347,454639,823_20210331
1.2562757415731278,20210630,11.2,533003,823,3250,58613,229907,461870,823_20210630
1.1800665046009124,20210930,10.61,541182,823,4632,58768,222717,472638,823_20210930
1.151832933098957,20211231,10.47,566719,823,6128,59695,210002,496401,823_20211231
1.0600930573055616,20220331,10.56,569785,823,1506,54442,204308,504995,823_20220331
1.222675453577853,20220630,12.61,579078,823,3496,52155,209401,518431,823_20220630
1.3525559917079302,20220930,14.66,582035,823,5827,45710,215645,530292,823_20220930
1.515282904467525,20221231,16.64,573794,823,8702,49460,222060,513159,823_20221231
1.6856719623874434,20230331,18.8,575184,823,2421,53571,230467,514647,823_20230331
1.6976943586370523,20230630,18.52,553802,823,4818,53076,239251,495263,823_20230630
1.7444231688697638,20230930,18.92,547688,823,7361,51352,240887,488841,823_20230930
1.6111026131702872,20231231,16.94,554133,823,9037,59269,249279,484770,823_20231231
1.636713131611845,20240331,15.35,561762,823,2283,59730,256975,488964,823_20240331
1.6398119060391365,20240630,15.21,556248,823,4570,61254,261451,483960,823_20240630
1.665535186813682,20240930,14.88,545307,823,6925,67866,263868,467049,823_20240930
1.6379232851174257,20241231,14.43,552521,823,9074,66246,266442,472541,823_20241231
1.7815763769549666,20250331,14.59,566488,823,2492,70388,266260,484162,823_20250331
1.8300911832399922,20250630,14.66,561563,823,5126,73140,271376,478332,823_20250630
1.8396149550991374,20250930,14.44,568828,823,7759,76832,272701,480247,823_20250930
1.7954114982721328,20251231,13.86,578364,823,10154,79584,276428,487621,823_20251231
1.8884021153271688,20260331,13.69,583253,823,2742,80605,280213,492987,823_20260331
2.105139687161477,20260630,15.05,577555,823,6102,83002,284796,485497,823_20260630
1.474890883270016,20210331,15.18,1009942,8668,3644,97311,665592,875378,8668_20210331
1.3409039645203742,20210630,14.1,1104652,8668,6886,100832,661254,967086,8668_20210630
1.1683855147562858,20210930,12.57,1169797,8668,9313,102338,651010,1041733,8668_20210930
1.0124843821815912,20211231,11.15,1218712,8668,11076,101550,659560,1091989,8668_20211231
0.6685114259011526,20220331,8.67,1236893,8668,2052,87843,654650,1123931,8668_20220331
0.6535500873299183,20220630,9.24,1230417,8668,4015,71256,688148,1114187,8668_20220630
0.7137962301660272,20220930,10.8,1235521,8668,6587,64525,695389,1126813,8668_20220930
0.7139253635424709,20221231,11.16,1245068,8668,8805,69435,737041,1093176,8668_20221231
0.40808318618795375,20230331,7.19,1252462,8668,1274,72221,749615,1113300,8668_20230331
0.25115856159266325,20230630,4.42,1276978,8668,1580,72599,768372,1144409,8668_20230630
0.2765273088754587,20230930,4.95,1280442,8668,2621,68216,798463,1139131,8668_20230930
0.24772775751320084,20231231,4.33,1292744,8668,3145,80372,814890,1137700,8668_20231231
0.3955674351947609,20240331,6.44,1314144,8668,1289,79746,818843,1161231,8668_20240331
0.6534951030013417,20240630,10.5,1308061,8668,4264,83533,822483,1191700,8668_20240630
0.5105604467946738,20240930,8.0,1342410,8668,5033,91713,825021,1222393,8668_20240930
0.5556291785609334,20241231,8.61,1300072,8668,7287,87651,834103,1199167,8668_20241231
0.7388158721306151,20250331,10.7,1310592,8668,2411,92682,819879,1205915,8668_20250331
0.8030704795851822,20250630,11.4,1310287,8668,5248,95762,842741,1202566,8668_20250630
0.8242066323335498,20250930,11.49,1356558,8668,8156,102552,865748,1240588,8668_20250930
0.8461149092169005,20251231,11.56,1372297,8668,11253,107982,881626,1250729,8668_20251231
0.943401317178761,20260331,12.04,1407432,8668,3278,109749,892648,1283671,8668_20260331
1.2422077626609636,20260630,15.54,1395901,8668,8645,116041,919829,1266894,8668_20260630
1.315496745112833,20210331,13.03,52340,8672,170,5302,27598,46893,8672_20210331
0.8051805009590003,20210630,8.06,54594,8672,212,5344,27620,49106,8672_20210630
0.7092654501708201,20210930,7.12,54820,8672,283,5415,28179,49258,8672_20210930
0.714822895181647,20211231,7.22,55801,8672,384,5393,29226,50268,8672_20211231
0.4821156368534865,20220331,5.01,57035,8672,68,5460,30269,51447,8672_20220331
0.4656618797099389,20220630,4.8,55956,8672,131,5523,30987,49400,8672_20220630
0.5156661572256704,20220930,5.26,55637,8672,217,5609,30522,49871,8672_20220930
0.5362215909090909,20221231,5.48,57171,8672,302,5570,32058,51445,8672_20221231
0.6278941998273291,20230331,6.41,57498,8672,90,5660,32442,51660,8672_20230331
0.3635537377868666,20230630,3.69,56970,8672,104,5673,32649,51098,8672_20230630
0.5141022581872254,20230930,5.24,59697,8672,223,5793,34274,52619,8672_20230930
0.43040371868812943,20231231,4.4,59089,8672,250,5695,35440,53026,8672_20231231
0.12966185552939571,20240331,1.33,58139,8672,19,5714,35073,52136,8672_20240331
0.09670122200413282,20240630,0.98,56503,8672,28,5723,35251,50541,8672_20240630
0.18257023135288789,20240930,1.84,57042,8672,79,5774,34843,51018,8672_20240930
0.2354978354978355,20241231,2.37,57977,8672,136,5776,34560,51928,8672_20241231
0.33160335402975794,20250331,3.31,57824,8672,48,5824,35336,51759,8672_20250331
0.46008846974803863,20250630,4.59,58948,8672,134,5911,36286,50302,8672_20250630
0.5167300075121218,20250930,5.15,59539,8672,227,6003,35840,53280,8672_20250930
0.4458862367538136,20251231,4.5,62873,8672,265,5932,34778,56669,8672_20251231
0.42939084179831444,20260331,4.49,61955,8672,67,5999,34654,55656,8672_20260331
0.5358331664492664,20260630,5.49,59931,8672,165,6097,34307,53555,8672_20260630
0.7774736806756553,20210331,8.93,768514,8811,1447,65457,535484,674720,8811_20210331
0.8374038628174605,20210630,9.67,778798,8811,3165,66717,512234,685014,8811_20210630
0.7593304903424808,20210930,8.81,795952,8811,4362,67802,493179,707488,8811_20210930
0.7369107640689104,20211231,8.63,822820,8811,5728,67757,498052,736418,8811_20211231
0.5299534722088152,20220331,6.57,834684,8811,1098,65914,489262,750445,8811_20220331
0.7420525925235477,20220630,9.26,820757,8811,3065,64825,506039,737990,8811_20220630
0.9524271200565325,20220930,11.99,828856,8811,5906,64294,509219,747104,8811_20220930
1.162105658165217,20221231,14.47,807397,8811,9563,67599,508711,722441,8811_20221231
1.657527812207619,20230331,18.75,772305,8811,3273,72075,492456,684265,8811_20230331
1.6954737595444414,20230630,18.59,750974,8811,6586,72855,489947,662212,8811_20230630
1.7135593328460015,20230930,18.38,741838,8811,9872,73954,507517,652013,8811_20230930
1.727316118210324,20231231,17.95,723838,8811,13115,78893,529714,628959,8811_20231231
1.7223732043906397,20240331,15.55,721145,8811,3111,81135,531681,625917,8811_20240331
1.7219665579573484,20240630,15.47,744955,8811,6285,83700,573594,644546,8811_20240630
1.7058058510114205,20240930,15.06,753348,8811,9414,89554,569359,649965,8811_20240930
1.6662233136635989,20241231,14.58,755798,8811,12327,89328,569125,653043,8811_20241231
1.5755875563142299,20250331,13.19,772013,8811,3009,93220,555034,666769,8811_20250331
1.6115278007423601,20250630,13.33,776462,8811,6189,96120,554031,668436,8811_20250630
1.6087455766195538,20250930,13.15,792058,8811,9340,100114,576301,680031,8811_20250930
1.665320565577288,20251231,13.54,813727,8811,13023,102303,618227,700380,8811_20251231
1.7089167893493498,20260331,13.47,821929,8811,3494,105161,610427,706700,8811_20260331
1.6794021464146405,20260630,13.21,838796,8811,6926,107222,630027,722986,8811_20260630
1.0515489031140464,20210331,9.11,605306,8816,1554,68301,397300,533197,8816_20210331
1.0814885432717356,20210630,9.45,621924,8816,3252,70053,390588,548860,8816_20210630
1.1167778812807663,20210930,9.93,663811,8816,5168,71040,373826,589535,8816_20210930
1.1154602081083431,20211231,10.04,658073,8816,6974,69781,377703,584909,8816_20211231
0.8835007141330875,20220331,8.88,675712,8816,1473,62929,382612,609183,8816_20220331
0.9263390570827713,20220630,9.68,667642,8816,3090,58787,397249,605665,8816_20220630
1.0074200690136108,20220930,10.88,657179,8816,5022,54671,414323,599089,8816_20220930
1.0645997174565043,20221231,11.68,650619,8816,7046,55471,421741,586228,8816_20221231
0.9595464611147217,20230331,11.25,694183,8816,1613,59223,438431,610483,8816_20230331
0.9319258812239689,20230630,10.87,676818,8816,3140,58582,439526,594144,8816_20230630
0.9145975556363583,20230930,10.69,673560,8816,4622,57359,440257,591516,8816_20230930
0.9149788332426998,20231231,10.54,679215,8816,6175,62301,450665,591669,8816_20231231
0.707040273174651,20240331,7.88,714765,8816,1232,62787,453806,601031,8816_20240331
0.7802844094783901,20240630,8.59,682955,8816,2701,63556,451941,589250,8816_20240630
0.8048456314434476,20240930,8.66,694873,8816,4183,68883,448466,595391,8816_20240930
0.7970768838166515,20241231,8.53,688335,8816,5516,65952,438526,591313,8816_20241231
0.8552607293023068,20250331,8.73,693232,8816,1477,69344,445151,618674,8816_20250331
0.8058968342445582,20250630,8.14,698600,8816,2794,70723,451209,622978,8816_20250630
0.8145860759629062,20250930,8.17,724623,8816,4284,73762,448830,645747,8816_20250930
0.8078102148922924,20251231,8.05,714601,8816,5686,73606,450541,635779,8816_20251231
0.8088676475778607,20260331,7.86,730382,8816,1461,75081,455995,649954,8816_20260331
0.8578480403180301,20260630,8.32,729528,8816,3109,75553,469904,648815,8816_20260630
0.5592143586510324,20210331,3.16,82711,9502,102,17831,44135,64344,9502_20210331
1.0541101274468112,20210630,5.57,86884,9502,409,18254,53105,68208,9502_20210630
1.098914039832654,20210930,5.89,102550,9502,691,18536,61280,83487,9502_20210930
2.555507616740234,20211231,13.97,116612,9502,2310,20086,73460,94937,9502_20211231
-0.05950376987699944,20220331,-0.39,138834,9502,-19,19050,80615,118875,9502_20220331
0.09251722690987406,20220630,0.64,140156,9502,61,18492,90431,120589,9502_20220630
0.10545549968491916,20220930,0.76,145529,9502,107,17949,99795,126696,9502_20220930
0.05151064021196265,20221231,0.38,148047,9502,71,17981,104644,128434,9502_20221231
-2.0485892080811525,20230331,-16.95,145228,9502,-751,17467,103468,126097,9502_20230331
-1.3663186146549504,20230630,-11.32,141909,9502,-991,17064,104717,123113,9502_20230630
-1.1394829774640851,20230930,-9.68,149394,9502,-1249,16278,102700,131428,9502_20230930
-1.2316560775528471,20231231,-10.64,150611,9502,-1811,16339,112732,130278,9502_20231231
-0.6583741022171333,20240331,-6.28,156813,9502,-253,15880,116897,136740,9502_20240331
-0.5180326875596419,20240630,-4.98,154709,9502,-399,15818,118271,132710,9502_20240630
-0.607998274556355,20240930,-5.85,154520,9502,-703,16048,116940,132341,9502_20240930
-0.9184950384462244,20241231,-9.01,156895,9502,-1421,14787,119736,134567,9502_20241231
-0.3139727362787268,20250331,-3.34,159056,9502,-124,14914,121857,142056,9502_20250331
-0.07512803068562675,20250630,-0.81,163231,9502,-60,14946,121198,146562,9502_20250630
-0.1340962643678161,20250930,-1.44,161138,9502,-161,15179,118869,119262,9502_20250930
-0.13910376889387954,20251231,-1.42,154051,9502,-221,17742,114737,109725,9502_20251231
0.621614309712409,20260331,5.54,163831,9502,247,17936,113910,144307,9502_20260331
0.9570427255649985,20260630,8.55,165482,9502,771,18415,108569,145559,9502_20260630
1.0378292811215017,20210331,9.28,506304,9507,1285,54722,282687,446489,9507_20210331
1.0834319101111736,20210630,9.84,525210,9507,2737,55995,284177,455055,9507_20210630
1.1661580801819065,20210930,10.66,524871,9507,4462,56390,283878,454765,9507_20210930
1.1518325831804377,20211231,10.59,524867,9507,5910,55853,282887,462604,9507_20211231
1.3598797322975251,20220331,14.09,523461,9507,1782,45340,283967,472897,9507_20220331
1.3374359492775143,20220630,15.29,534402,9507,3528,37285,294137,484650,9507_20220630
1.2666859788369753,20220930,15.71,540974,9507,5044,32742,305283,488854,9507_20220930
1.228823340024009,20221231,15.94,553654,9507,6580,35123,314145,499824,9507_20221231
1.084186106503845,20230331,15.84,547264,9507,1492,40252,319576,482470,9507_20230331
1.0867472068307749,20230630,15.6,550432,9507,2991,39686,329440,479782,9507_20230630
1.0862399375353902,20230930,15.83,543813,9507,4471,35542,338944,466760,9507_20230930
1.100997517572495,20231231,15.61,554162,9507,6054,43371,353908,476614,9507_20231231
1.0062395127152002,20240331,12.98,557303,9507,1398,42760,361360,480270,9507_20240331
0.9185958741454869,20240630,12.02,575022,9507,2582,42790,376348,491100,9507_20240630
1.0010405469503194,20240930,12.83,579898,9507,4254,47930,385456,507147,9507_20240930
1.088582023136451,20241231,13.93,580897,9507,6199,45620,391965,531699,9507_20241231
1.2572616228555853,20250331,15.79,593083,9507,1845,47883,392333,541191,9507_20250331
1.2506618269538405,20250630,15.69,591965,9507,3681,47227,395616,527556,9507_20250630
1.2468393365512913,20250930,15.28,595594,9507,5521,51999,403660,526031,9507_20250930
1.2695759196317273,20251231,15.3,613864,9507,7555,54243,414052,547774,9507_20251231
1.3147350658996293,20260331,14.73,614064,9507,2018,55379,420015,549970,9507_20260331
1.4332998388289564,20260630,15.88,634069,9507,4448,58451,435513,535922,9507_20260630
0.7380434858576611,20210331,4.12,72538,9986,132,12765,32435,59370,9986_20210331
0.7563931606038403,20210630,4.31,76646,9986,277,12909,33671,63532,9986_20210630
0.9449877356317166,20210930,5.4,75437,9986,523,13155,34193,62065,9986_20210930
0.879955290210598,20211231,5.04,77014,9986,655,13287,34996,63469,9986_20211231
0.6010443144964376,20220331,3.63,82708,9986,120,13176,35334,69041,9986_20220331
0.6745664810522586,20220630,4.16,85769,9986,276,13332,36363,72265,9986_20220630
0.8717485965664977,20220930,5.4,85483,9986,541,13597,36708,71688,9986_20220930
0.9889941474535197,20221231,6.14,86622,9986,826,13882,37523,72555,9986_20221231
1.4112112896903175,20230331,8.83,86846,9986,306,13840,37844,72831,9986_20230331
1.4180003441748408,20230630,8.86,88027,9986,618,14152,39994,73685,9986_20230630
1.387648270991792,20230930,8.52,84021,9986,899,14433,42618,69366,9986_20230930
1.1307539668789575,20231231,6.91,87381,9986,979,14513,46149,72633,9986_20231231
0.8189596010431441,20240331,4.95,87475,9986,179,14414,46266,72811,9986_20240331
0.7898930116093785,20240630,4.79,88724,9986,347,14582,48844,73886,9986_20240630
0.7557596943430657,20240930,4.55,87140,9986,497,14732,50277,72099,9986_20240930
0.8676977314600778,20241231,5.2,88373,9986,762,14996,52463,73152,9986_20241231
0.9090806809104308,20250331,5.41,89389,9986,202,14894,53427,74191,9986_20250331
0.9508150374597318,20250630,5.68,91060,9986,426,15118,55713,75662,9986_20250630
0.9999323470994375,20250930,5.95,90660,9986,674,15366,57279,74897,9986_20250930
1.0038828596952087,20251231,5.98,92762,9986,908,15600,59543,76828,9986_20251231
1.2498590687261424,20260331,7.48,93499,9986,291,15539,59617,77575,9986_20260331
1.312938496746305,20260630,7.8,92960,9986,611,15859,60507,76769,9986_20260630
